"","upper","COUNTY","INDEXYEAR","LOCATION","POPULATION","TOTAL","RATE","VTOTAL","VRATE","MURDER","RAPE","ROBBERY","ASSAULT","PTOTAL","PRATE","ARSON","BURGLARY","THEFT","MVTHEFT"
"1","ADAMS","Adams",1994,"COUNTY TOTAL",14600,888,60.8,67,4.6,0,5,5,57,821,56,7,132,628,54
"2","ADAMS","Adams",1995,"COUNTY TOTAL",15200,967,63.6,46,3,4,5,3,34,921,61,3,150,733,35
"3","ADAMS","Adams",1996,"COUNTY TOTAL",15400,903,58.6,54,3.5,1,6,5,42,849,55,11,142,653,43
"4","ADAMS","Adams",1997,"COUNTY TOTAL",15800,766,48.5,58,3.7,1,9,2,46,708,45,8,185,479,36
"5","ADAMS","Adams",1998,"COUNTY TOTAL",15900,751,47.2,47,3,0,10,5,32,704,44,15,205,447,37
"6","ADAMS","Adams",1999,"COUNTY TOTAL",15900,662,41.6,51,3.2,1,4,4,42,611,38,6,168,411,26
"7","ADAMS","Adams",2000,"COUNTY TOTAL",15800,671,42.5,40,2.5,0,14,5,21,631,40,7,161,429,34
"8","ADAMS","Adams",2001,"COUNTY TOTAL",16600,695,41.9,44,2.7,0,12,7,25,651,39,10,109,490,42
"9","ADAMS","Adams",2002,"COUNTY TOTAL",16600,830,50,25,1.5,0,5,4,16,805,49,8,173,575,49
"10","ADAMS","Adams",2003,"COUNTY TOTAL",16600,1053,63.4,42,2.5,0,16,4,22,1011,61,8,226,700,77
"11","ADAMS","Adams",2004,"COUNTY TOTAL",16700,1008,60.4,61,3.7,0,9,11,41,947,57,8,265,624,50
"12","ADAMS","Adams",2005,"COUNTY TOTAL",17000,791,46.5,57,3.4,1,14,13,29,734,43,7,158,505,64
"13","ADAMS","Adams",2006,"COUNTY TOTAL",17300,850,49.1,33,1.9,1,7,1,24,817,47,5,172,591,49
"14","ADAMS","Adams",2007,"COUNTY TOTAL",17600,1052,59.8,41,2.3,2,9,4,26,1011,57,9,255,675,72
"15","ADAMS","Adams",2008,"COUNTY TOTAL",17800,958,53.8,57,3.2,0,9,5,43,901,51,5,183,631,82
"16","ADAMS","Adams",2009,"COUNTY TOTAL",18000,852,47.3,57,3.2,1,6,19,31,795,44,10,185,525,75
"17","ADAMS","Adams",2010,"COUNTY TOTAL",18300,929,50.8,56,3.1,1,8,10,37,873,48,6,229,566,72
"18","ADAMS","Adams",2011,"COUNTY TOTAL",18950,873,46.1,53,2.8,0,4,10,39,820,43,9,209,537,65
"19","ASOTIN","Asotin",1994,"COUNTY TOTAL",17792,928,52.2,72,4,1,6,3,62,856,48,4,156,662,34
"20","ASOTIN","Asotin",1995,"COUNTY TOTAL",18020,1271,70.5,64,3.6,0,12,3,49,1207,67,7,217,901,82
"21","ASOTIN","Asotin",1996,"COUNTY TOTAL",19600,1207,61.6,61,3.1,0,15,4,42,1146,59,3,190,880,73
"22","ASOTIN","Asotin",1997,"COUNTY TOTAL",19700,1125,57.1,38,1.9,0,10,3,25,1087,55,4,172,861,50
"23","ASOTIN","Asotin",1998,"COUNTY TOTAL",20000,1001,50.1,47,2.4,1,10,7,29,954,48,7,208,679,60
"24","ASOTIN","Asotin",1999,"COUNTY TOTAL",20000,902,45.1,38,1.9,1,7,3,27,864,43,2,184,645,33
"25","ASOTIN","Asotin",2000,"COUNTY TOTAL",20000,897,44.9,43,2.2,1,9,5,28,854,43,2,125,686,41
"26","ASOTIN","Asotin",2001,"COUNTY TOTAL",20700,1003,48.5,59,2.9,0,7,11,41,944,46,15,189,709,31
"27","ASOTIN","Asotin",2002,"COUNTY TOTAL",20700,860,41.5,49,2.4,0,16,2,31,811,39,1,163,603,44
"28","ASOTIN","Asotin",2003,"COUNTY TOTAL",20600,853,41.4,46,2.2,0,6,4,36,807,39,4,172,581,50
"29","ASOTIN","Asotin",2004,"COUNTY TOTAL",20700,795,38.4,48,2.3,1,5,1,41,747,36,7,129,554,57
"30","ASOTIN","Asotin",2005,"COUNTY TOTAL",20900,660,31.6,44,2.1,1,6,7,30,616,30,4,60,504,48
"31","ASOTIN","Asotin",2006,"COUNTY TOTAL",21100,598,28.3,30,1.4,0,2,0,28,568,27,1,84,440,43
"32","ASOTIN","Asotin",2007,"COUNTY TOTAL",21300,576,27,33,1.5,0,1,5,27,543,26,3,72,434,34
"33","ASOTIN","Asotin",2008,"COUNTY TOTAL",21400,604,28.2,39,1.8,1,2,4,32,565,26,0,82,471,12
"34","ASOTIN","Asotin",2009,"COUNTY TOTAL",21500,609,28.3,49,2.3,0,3,7,39,560,26,0,102,425,33
"35","ASOTIN","Asotin",2010,"COUNTY TOTAL",21700,614,28.3,39,1.8,1,8,2,28,575,27,4,89,469,13
"36","ASOTIN","Asotin",2011,"COUNTY TOTAL",21650,695,32.1,36,1.7,0,0,2,34,659,30,2,110,533,14
"37","BENTON","Benton",1994,"COUNTY TOTAL",127000,6225,49,400,3.1,4,70,61,265,5825,46,45,802,4752,226
"38","BENTON","Benton",1995,"COUNTY TOTAL",131000,6875,52.5,433,3.3,7,61,69,296,6442,49,60,1005,5004,373
"39","BENTON","Benton",1996,"COUNTY TOTAL",131000,5929,45.3,328,2.5,4,56,53,215,5601,43,58,949,4330,264
"40","BENTON","Benton",1997,"COUNTY TOTAL",134100,6120,45.6,361,2.7,1,59,50,251,5759,43,48,1010,4367,334
"41","BENTON","Benton",1998,"COUNTY TOTAL",137500,6245,45.4,401,2.9,7,57,71,266,5844,43,61,967,4546,270
"42","BENTON","Benton",1999,"COUNTY TOTAL",138900,5364,38.6,340,2.4,1,56,48,235,5024,36,74,822,3886,242
"43","BENTON","Benton",2000,"COUNTY TOTAL",140700,5432,38.6,351,2.5,2,52,51,246,5081,36,62,885,3849,285
"44","BENTON","Benton",2001,"COUNTY TOTAL",144800,6117,42.2,359,2.5,2,43,59,255,5758,40,65,889,4406,398
"45","BENTON","Benton",2002,"COUNTY TOTAL",147600,5449,36.9,340,2.3,4,42,55,239,5109,35,43,958,3691,417
"46","BENTON","Benton",2003,"COUNTY TOTAL",151600,5493,36.2,402,2.7,4,45,47,306,5091,34,44,1056,3732,259
"47","BENTON","Benton",2004,"COUNTY TOTAL",155100,6196,39.9,389,2.5,5,46,60,278,5807,37,71,1226,4159,351
"48","BENTON","Benton",2005,"COUNTY TOTAL",158100,6227,39.4,403,2.5,7,49,49,298,5824,37,50,1038,4289,447
"49","BENTON","Benton",2006,"COUNTY TOTAL",160600,5721,35.6,471,2.9,3,47,53,368,5250,33,44,1026,3840,340
"50","BENTON","Benton",2007,"COUNTY TOTAL",162900,4996,30.7,407,2.5,3,61,56,287,4589,28,44,847,3401,297
"51","BENTON","Benton",2008,"COUNTY TOTAL",165500,4779,28.9,415,2.5,1,75,60,279,4364,26,43,902,3145,274
"52","BENTON","Benton",2009,"COUNTY TOTAL",169300,4735,28,424,2.5,0,73,52,299,4311,26,49,761,3234,267
"53","BENTON","Benton",2010,"COUNTY TOTAL",172900,4816,27.9,383,2.2,3,49,54,277,4433,26,33,792,3357,251
"54","BENTON","Benton",2011,"COUNTY TOTAL",177900,5470,30.7,415,2.3,3,57,54,301,5055,28,58,995,3686,316
"55","CHELAN","Chelan",1994,"COUNTY TOTAL",58000,3672,63.3,197,3.4,4,35,27,131,3475,60,16,591,2721,147
"56","CHELAN","Chelan",1995,"COUNTY TOTAL",60000,3731,62.2,181,3,2,32,21,126,3550,59,22,649,2711,168
"57","CHELAN","Chelan",1996,"COUNTY TOTAL",61300,3811,62.2,193,3.1,0,28,37,128,3618,59,17,644,2825,132
"58","CHELAN","Chelan",1997,"COUNTY TOTAL",62200,3760,60.5,199,3.2,2,37,29,131,3561,57,16,644,2722,179
"59","CHELAN","Chelan",1998,"COUNTY TOTAL",62600,4197,67,173,2.8,2,29,17,125,4024,64,10,754,3063,197
"60","CHELAN","Chelan",1999,"COUNTY TOTAL",63000,3568,56.6,157,2.5,0,19,25,113,3411,54,18,653,2593,147
"61","CHELAN","Chelan",2000,"COUNTY TOTAL",62600,3038,48.5,144,2.3,1,39,22,82,2894,46,10,461,2262,161
"62","CHELAN","Chelan",2001,"COUNTY TOTAL",67100,3477,51.8,148,2.2,3,27,18,100,3329,50,10,604,2553,162
"63","CHELAN","Chelan",2002,"COUNTY TOTAL",67600,3224,47.7,156,2.3,1,28,34,93,3068,45,12,526,2399,131
"64","CHELAN","Chelan",2003,"COUNTY TOTAL",67900,3109,45.8,147,2.2,4,44,32,67,2962,44,17,560,2261,124
"65","CHELAN","Chelan",2004,"COUNTY TOTAL",68400,3491,51,163,2.4,2,46,26,89,3328,49,23,570,2562,173
"66","CHELAN","Chelan",2005,"COUNTY TOTAL",69200,3114,45,152,2.2,2,35,18,97,2962,43,12,485,2303,162
"67","CHELAN","Chelan",2006,"COUNTY TOTAL",70100,2699,38.5,127,1.8,1,20,27,79,2572,37,8,366,2071,127
"68","CHELAN","Chelan",2007,"COUNTY TOTAL",71200,2588,36.3,135,1.9,1,34,23,77,2453,35,10,377,1942,124
"69","CHELAN","Chelan",2008,"COUNTY TOTAL",72100,2222,30.8,134,1.9,3,36,15,80,2088,29,3,332,1632,121
"70","CHELAN","Chelan",2009,"COUNTY TOTAL",72600,2280,31.4,148,2,2,26,24,96,2132,29,11,322,1694,105
"71","CHELAN","Chelan",2010,"COUNTY TOTAL",73300,2175,29.7,118,1.6,2,34,14,68,2057,28,3,325,1626,103
"72","CHELAN","Chelan",2011,"COUNTY TOTAL",72700,2109,29,123,1.7,5,13,25,80,1986,27,4,386,1488,108
"73","CLALLAM","Clallam",1994,"COUNTY TOTAL",62500,2436,39,129,2.1,2,25,20,82,2307,37,20,470,1713,104
"74","CLALLAM","Clallam",1995,"COUNTY TOTAL",63600,2496,39.2,138,2.2,2,26,20,90,2358,37,22,527,1696,113
"75","CLALLAM","Clallam",1996,"COUNTY TOTAL",65000,2217,34.1,139,2.1,1,32,16,90,2078,32,31,413,1562,72
"76","CLALLAM","Clallam",1997,"COUNTY TOTAL",66400,2188,33,126,1.9,3,33,11,79,2062,31,25,475,1468,94
"77","CLALLAM","Clallam",1998,"COUNTY TOTAL",66700,2224,33.3,134,2,1,24,17,92,2090,31,29,427,1533,101
"78","CLALLAM","Clallam",1999,"COUNTY TOTAL",66900,1965,29.4,83,1.2,0,17,8,58,1882,28,23,365,1376,118
"79","CLALLAM","Clallam",2000,"COUNTY TOTAL",66700,2019,30.3,84,1.3,1,18,11,54,1935,29,10,355,1505,65
"80","CLALLAM","Clallam",2001,"COUNTY TOTAL",64454,2344,36.4,109,1.7,2,27,16,64,2235,35,21,434,1688,92
"81","CLALLAM","Clallam",2002,"COUNTY TOTAL",64900,2136,32.9,102,1.6,0,12,22,68,2034,31,23,468,1412,131
"82","CLALLAM","Clallam",2003,"COUNTY TOTAL",65300,2256,34.5,109,1.7,0,21,10,78,2147,33,19,489,1533,106
"83","CLALLAM","Clallam",2004,"COUNTY TOTAL",65900,2007,30.5,169,2.6,3,47,16,103,1838,28,24,398,1289,127
"84","CLALLAM","Clallam",2005,"COUNTY TOTAL",66800,2528,37.8,157,2.4,0,53,13,91,2371,36,45,488,1645,193
"85","CLALLAM","Clallam",2006,"COUNTY TOTAL",67800,2579,38,173,2.6,2,48,18,105,2406,36,27,491,1733,155
"86","CLALLAM","Clallam",2007,"COUNTY TOTAL",68500,2186,31.9,182,2.7,1,51,16,114,2004,29,19,381,1484,120
"87","CLALLAM","Clallam",2008,"COUNTY TOTAL",69200,2100,30.3,190,2.7,3,54,23,110,1910,28,27,374,1426,83
"88","CLALLAM","Clallam",2009,"COUNTY TOTAL",69500,1977,28.4,213,3.1,3,53,28,129,1764,25,13,403,1272,76
"89","CLALLAM","Clallam",2010,"COUNTY TOTAL",70100,2289,32.7,192,2.7,1,28,28,135,2097,30,10,482,1524,81
"90","CLALLAM","Clallam",2011,"COUNTY TOTAL",71600,2403,33.6,188,2.6,2,30,22,134,2215,31,12,507,1579,117
"91","CLARK","Clark",1994,"COUNTY TOTAL",280670,13100,46.7,1013,3.6,13,138,305,557,12087,43,126,2499,8118,1344
"92","CLARK","Clark",1995,"COUNTY TOTAL",290870,14785,50.8,1220,4.2,5,191,336,688,13565,47,77,2856,9037,1595
"93","CLARK","Clark",1996,"COUNTY TOTAL",303388,11496,37.9,1211,4,6,163,323,719,10285,34,69,2405,6632,1179
"94","CLARK","Clark",1997,"COUNTY TOTAL",316693,12180,38.5,1327,4.2,10,81,241,995,10853,34,41,2437,6811,1564
"95","CLARK","Clark",1998,"COUNTY TOTAL",327890,11624,35.5,1222,3.7,6,86,244,886,10402,32,61,2321,6581,1439
"96","CLARK","Clark",1999,"COUNTY TOTAL",336890,12130,36,1009,3,4,107,221,677,11121,33,70,2364,7705,982
"97","CLARK","Clark",2000,"COUNTY TOTAL",344900,13495,39.1,954,2.8,5,104,212,633,12541,36,163,2278,9044,1056
"98","CLARK","Clark",2001,"COUNTY TOTAL",352505,14191,40.3,1010,2.9,10,108,188,704,13181,37,127,2259,9939,856
"99","CLARK","Clark",2002,"COUNTY TOTAL",363315,13824,38,867,2.4,3,163,249,452,12957,36,96,2409,9067,1385
"100","CLARK","Clark",2003,"COUNTY TOTAL",372215,16992,45.7,961,2.6,4,201,225,531,16031,43,89,2781,11151,2010
"101","CLARK","Clark",2004,"COUNTY TOTAL",383220,16480,43,984,2.6,12,189,212,571,15496,40,100,2696,10719,1981
"102","CLARK","Clark",2005,"COUNTY TOTAL",391410,15802,40.4,998,2.5,12,219,239,528,14804,38,76,2736,10084,1908
"103","CLARK","Clark",2006,"COUNTY TOTAL",403410,13604,33.7,924,2.3,5,215,196,508,12680,31,118,2366,8584,1612
"104","CLARK","Clark",2007,"COUNTY TOTAL",414925,13025,31.4,991,2.4,9,208,224,550,12034,29,129,2058,8207,1640
"105","CLARK","Clark",2008,"COUNTY TOTAL",424115,13039,30.7,983,2.3,2,206,236,539,12056,28,107,1868,8136,1945
"106","CLARK","Clark",2009,"COUNTY TOTAL",431115,12158,28.2,1033,2.4,8,228,235,562,11125,26,94,1830,7741,1460
"107","CLARK","Clark",2010,"COUNTY TOTAL",435515,13203,30.3,990,2.3,1,195,240,554,12213,28,100,2074,8579,1460
"108","CLARK","Clark",2011,"COUNTY TOTAL",427915,12437,29.1,961,2.2,13,171,258,519,11476,27,73,2034,8046,1323
"109","COLUMBIA","Columbia",1994,"COUNTY TOTAL",4150,279,67.2,5,1.2,0,1,0,4,274,66,1,71,192,10
"110","COLUMBIA","Columbia",1995,"COUNTY TOTAL",4200,283,67.4,6,1.4,0,0,1,5,277,66,4,69,191,13
"111","COLUMBIA","Columbia",1996,"COUNTY TOTAL",4010,193,48.1,5,1.2,1,0,0,4,188,47,1,59,121,7
"112","COLUMBIA","Columbia",1997,"COUNTY TOTAL",4030,170,42.2,6,1.5,0,3,1,2,164,41,2,51,106,5
"113","COLUMBIA","Columbia",1998,"COUNTY TOTAL",4200,131,31.2,2,0.5,0,1,1,0,129,31,2,40,73,14
"114","COLUMBIA","Columbia",1999,"COUNTY TOTAL",4200,172,41,4,1,0,1,0,3,168,40,0,45,105,18
"115","COLUMBIA","Columbia",2000,"COUNTY TOTAL",4100,186,45.4,5,1.2,0,0,0,5,181,44,0,41,128,12
"116","COLUMBIA","Columbia",2001,"COUNTY TOTAL",4100,221,53.9,7,1.7,0,0,0,7,214,52,0,31,174,9
"117","COLUMBIA","Columbia",2002,"COUNTY TOTAL",4100,180,43.9,5,1.2,1,0,0,4,175,43,0,30,138,7
"118","COLUMBIA","Columbia",2003,"COUNTY TOTAL",4100,185,45.1,4,1,0,1,0,3,181,44,1,37,141,2
"119","COLUMBIA","Columbia",2004,"COUNTY TOTAL",4100,221,53.9,8,2,0,0,0,8,213,52,0,29,180,4
"120","COLUMBIA","Columbia",2005,"COUNTY TOTAL",4100,142,34.6,3,0.7,0,0,1,2,139,34,0,24,111,4
"121","COLUMBIA","Columbia",2006,"COUNTY TOTAL",4100,163,39.8,1,0.2,0,0,0,1,162,40,0,31,122,9
"122","COLUMBIA","Columbia",2007,"COUNTY TOTAL",4100,180,43.9,2,0.5,0,0,0,2,178,43,1,33,138,6
"123","COLUMBIA","Columbia",2008,"COUNTY TOTAL",4100,208,50.7,2,0.5,0,0,0,2,206,50,0,29,170,7
"124","COLUMBIA","Columbia",2009,"COUNTY TOTAL",4100,160,39,2,0.5,0,0,0,2,158,39,0,26,120,12
"125","COLUMBIA","Columbia",2010,"COUNTY TOTAL",4150,199,48,4,1,0,0,1,3,195,47,2,50,136,7
"126","COLUMBIA","Columbia",2011,"COUNTY TOTAL",4100,186,45.4,7,1.7,0,1,0,6,179,44,0,42,132,5
"127","COWLITZ","Cowlitz",1994,"COUNTY TOTAL",87930,4717,53.6,262,3,2,27,57,176,4455,51,70,1030,3004,351
"128","COWLITZ","Cowlitz",1995,"COUNTY TOTAL",89530,5455,60.9,353,3.9,4,50,76,223,5102,57,72,1104,3552,374
"129","COWLITZ","Cowlitz",1996,"COUNTY TOTAL",90912,5767,63.4,261,2.9,7,44,55,155,5506,61,67,1318,3683,438
"130","COWLITZ","Cowlitz",1997,"COUNTY TOTAL",92107,5879,63.8,305,3.3,0,46,64,195,5574,61,54,1333,3742,445
"131","COWLITZ","Cowlitz",1998,"COUNTY TOTAL",93210,6368,68.3,348,3.7,0,28,62,258,6020,65,51,1507,3990,472
"132","COWLITZ","Cowlitz",1999,"COUNTY TOTAL",94210,5512,58.5,335,3.6,5,35,55,240,5177,55,71,1047,3688,371
"133","COWLITZ","Cowlitz",2000,"COUNTY TOTAL",95000,5276,55.5,311,3.3,1,34,60,216,4965,52,67,1052,3448,398
"134","COWLITZ","Cowlitz",2001,"COUNTY TOTAL",93995,6140,65.3,382,4.1,1,50,58,273,5758,61,70,1165,4080,443
"135","COWLITZ","Cowlitz",2002,"COUNTY TOTAL",94485,6042,63.9,357,3.8,4,40,69,244,5685,60,55,1221,3903,506
"136","COWLITZ","Cowlitz",2003,"COUNTY TOTAL",94985,7029,74,386,4.1,4,45,61,276,6643,70,41,1548,4291,763
"137","COWLITZ","Cowlitz",2004,"COUNTY TOTAL",95380,6369,66.8,365,3.8,5,51,61,248,6004,63,34,1336,4020,614
"138","COWLITZ","Cowlitz",2005,"COUNTY TOTAL",95990,6304,65.7,308,3.2,3,66,55,184,5996,63,54,1466,3877,599
"139","COWLITZ","Cowlitz",2006,"COUNTY TOTAL",96890,5606,57.9,291,3,7,79,68,137,5315,55,43,1224,3522,526
"140","COWLITZ","Cowlitz",2007,"COUNTY TOTAL",97875,4709,48.1,299,3.1,3,84,64,148,4410,45,28,953,3060,369
"141","COWLITZ","Cowlitz",2008,"COUNTY TOTAL",99085,4149,41.9,297,3,2,94,62,139,3852,39,42,736,2741,333
"142","COWLITZ","Cowlitz",2009,"COUNTY TOTAL",99685,4157,41.7,218,2.2,1,56,40,121,3939,40,41,819,2690,389
"143","COWLITZ","Cowlitz",2010,"COUNTY TOTAL",100085,3956,39.5,327,3.3,2,106,48,171,3629,36,25,795,2535,274
"144","COWLITZ","Cowlitz",2011,"COUNTY TOTAL",102785,3804,37,315,3.1,4,86,59,166,3489,34,74,677,2436,302
"145","DOUGLAS","Douglas",1994,"COUNTY TOTAL",28726,1003,34.9,57,2,0,14,5,38,946,33,10,198,702,36
"146","DOUGLAS","Douglas",1995,"COUNTY TOTAL",29391,1172,39.9,63,2.1,2,20,5,36,1109,38,3,241,825,40
"147","DOUGLAS","Douglas",1996,"COUNTY TOTAL",30190,1172,38.8,51,1.7,2,7,2,40,1121,37,7,241,838,35
"148","DOUGLAS","Douglas",1997,"COUNTY TOTAL",30590,1188,38.8,65,2.1,2,17,3,43,1123,37,6,225,844,48
"149","DOUGLAS","Douglas",1998,"COUNTY TOTAL",31190,1321,42.4,54,1.7,0,10,4,40,1267,41,6,271,928,62
"150","DOUGLAS","Douglas",1999,"COUNTY TOTAL",31490,1234,39.2,46,1.5,1,9,4,32,1188,38,6,238,878,66
"151","DOUGLAS","Douglas",2000,"COUNTY TOTAL",31985,1118,35,47,1.5,1,9,4,33,1071,34,11,254,750,56
"152","DOUGLAS","Douglas",2001,"COUNTY TOTAL",32675,1274,39,53,1.6,0,14,0,39,1221,37,5,302,860,54
"153","DOUGLAS","Douglas",2002,"COUNTY TOTAL",32924,1336,40.6,37,1.1,1,9,3,24,1299,40,1,219,1014,65
"154","DOUGLAS","Douglas",2003,"COUNTY TOTAL",33425,1256,37.6,43,1.3,0,15,1,27,1213,36,4,271,887,51
"155","DOUGLAS","Douglas",2004,"COUNTY TOTAL",34025,1320,38.8,54,1.6,1,12,4,37,1266,37,1,237,969,59
"156","DOUGLAS","Douglas",2005,"COUNTY TOTAL",34525,1365,39.5,66,1.9,0,9,10,47,1299,38,1,275,951,72
"157","DOUGLAS","Douglas",2006,"COUNTY TOTAL",35525,1472,41.4,86,2.4,1,10,13,62,1386,39,7,263,1056,60
"158","DOUGLAS","Douglas",2007,"COUNTY TOTAL",36125,1327,36.7,77,2.1,2,9,11,55,1250,35,7,229,954,60
"159","DOUGLAS","Douglas",2008,"COUNTY TOTAL",36825,1097,29.8,72,2,2,14,7,49,1025,28,5,185,787,48
"160","DOUGLAS","Douglas",2009,"COUNTY TOTAL",37425,1235,33,67,1.8,0,10,7,50,1168,31,7,274,838,49
"161","DOUGLAS","Douglas",2010,"COUNTY TOTAL",38325,714,18.6,42,1.1,0,8,9,25,672,18,3,107,526,36
"162","DOUGLAS","Douglas",2011,"COUNTY TOTAL",38465,1001,26,53,1.4,1,13,8,31,948,25,3,195,707,43
"163","FERRY","Ferry",1994,"COUNTY TOTAL",7000,230,32.9,40,5.7,1,4,0,35,190,27,0,73,109,8
"164","FERRY","Ferry",1995,"COUNTY TOTAL",7100,286,40.3,33,4.6,0,2,2,29,253,36,3,109,126,15
"165","FERRY","Ferry",1996,"COUNTY TOTAL",7200,197,27.4,17,2.4,0,3,1,13,180,25,0,72,96,12
"166","FERRY","Ferry",1997,"COUNTY TOTAL",7300,153,21,13,1.8,0,4,0,9,140,19,4,52,79,5
"167","FERRY","Ferry",1998,"COUNTY TOTAL",7300,112,15.3,6,0.8,0,0,1,5,106,15,0,28,76,2
"168","FERRY","Ferry",1999,"COUNTY TOTAL",7300,104,14.2,2,0.3,0,0,0,2,102,14,2,39,56,5
"169","FERRY","Ferry",2000,"COUNTY TOTAL",7300,94,12.9,7,1,2,0,0,5,87,12,1,30,50,6
"170","FERRY","Ferry",2001,"COUNTY TOTAL",7300,82,11.2,3,0.4,0,0,0,3,79,11,2,33,38,6
"171","FERRY","Ferry",2002,"COUNTY TOTAL",7300,76,10.4,9,1.2,0,0,0,9,67,9,0,25,40,2
"172","FERRY","Ferry",2003,"COUNTY TOTAL",7300,56,7.7,4,0.5,0,0,0,4,52,7,0,19,31,2
"173","FERRY","Ferry",2004,"COUNTY TOTAL",7300,46,6.3,7,1,1,4,0,2,39,5,0,9,28,2
"174","FERRY","Ferry",2005,"COUNTY TOTAL",7400,44,5.9,6,0.8,0,1,0,5,38,5,0,14,21,3
"175","FERRY","Ferry",2006,"COUNTY TOTAL",7500,50,6.7,6,0.8,0,2,0,4,44,6,0,10,30,4
"176","FERRY","Ferry",2007,"COUNTY TOTAL",7550,44,5.8,5,0.7,1,0,0,4,39,5,0,11,26,2
"177","FERRY","Ferry",2008,"COUNTY TOTAL",7700,47,6.1,9,1.2,1,0,0,8,38,5,0,16,20,2
"178","FERRY","Ferry",2009,"COUNTY TOTAL",7800,28,3.6,7,0.9,0,1,0,6,21,3,0,7,14,0
"179","FERRY","Ferry",2010,"COUNTY TOTAL",7850,50,6.4,8,1,0,0,0,8,42,5,0,15,23,4
"180","FERRY","Ferry",2011,"COUNTY TOTAL",7600,42,5.5,5,0.7,0,0,0,5,37,5,0,15,21,1
"181","FRANKLIN","Franklin",1994,"COUNTY TOTAL",42900,2402,56,247,5.8,4,31,51,161,2155,50,7,444,1571,133
"182","FRANKLIN","Franklin",1995,"COUNTY TOTAL",44000,2599,59.1,215,4.9,5,29,35,146,2384,54,5,395,1767,217
"183","FRANKLIN","Franklin",1996,"COUNTY TOTAL",43700,2416,55.3,190,4.3,3,22,35,130,2226,51,7,333,1666,220
"184","FRANKLIN","Franklin",1997,"COUNTY TOTAL",43900,2144,48.8,168,3.8,4,21,29,114,1976,45,7,393,1372,204
"185","FRANKLIN","Franklin",1998,"COUNTY TOTAL",44400,1961,44.2,160,3.6,4,21,30,105,1801,41,8,352,1291,150
"186","FRANKLIN","Franklin",1999,"COUNTY TOTAL",45100,2189,48.5,161,3.6,1,22,33,105,2028,45,4,396,1436,192
"187","FRANKLIN","Franklin",2000,"COUNTY TOTAL",45900,1873,40.8,134,2.9,3,13,35,83,1739,38,8,357,1245,129
"188","FRANKLIN","Franklin",2001,"COUNTY TOTAL",50185,1895,37.8,133,2.7,5,13,35,80,1762,35,6,341,1262,153
"189","FRANKLIN","Franklin",2002,"COUNTY TOTAL",51300,1977,38.5,165,3.2,2,17,32,114,1812,35,1,338,1320,153
"190","FRANKLIN","Franklin",2003,"COUNTY TOTAL",53600,1906,35.6,116,2.2,1,23,20,72,1790,33,7,326,1321,136
"191","FRANKLIN","Franklin",2004,"COUNTY TOTAL",57000,2251,39.5,161,2.8,3,15,38,105,2090,37,7,434,1488,161
"192","FRANKLIN","Franklin",2005,"COUNTY TOTAL",60500,2422,40,115,1.9,0,20,33,62,2307,38,6,480,1582,239
"193","FRANKLIN","Franklin",2006,"COUNTY TOTAL",64200,2243,34.9,180,2.8,3,22,36,119,2063,32,16,464,1371,212
"194","FRANKLIN","Franklin",2007,"COUNTY TOTAL",67400,2218,32.9,161,2.4,0,31,45,85,2057,31,10,463,1295,289
"195","FRANKLIN","Franklin",2008,"COUNTY TOTAL",70200,2069,29.5,180,2.6,1,20,47,112,1889,27,25,525,1155,184
"196","FRANKLIN","Franklin",2009,"COUNTY TOTAL",72700,2010,27.6,235,3.2,1,35,48,151,1775,24,25,373,1195,182
"197","FRANKLIN","Franklin",2010,"COUNTY TOTAL",75500,1910,25.3,211,2.8,3,28,41,139,1699,23,30,374,1159,136
"198","FRANKLIN","Franklin",2011,"COUNTY TOTAL",80500,2054,25.5,238,3,2,30,33,173,1816,23,16,428,1185,187
"199","GARFIELD","Garfield",1994,"COUNTY TOTAL",2350,74,31.5,3,1.3,0,1,0,2,71,30,1,19,46,5
"200","GARFIELD","Garfield",1995,"COUNTY TOTAL",2350,73,31.1,4,1.7,0,1,0,3,69,29,1,26,41,1
"201","GARFIELD","Garfield",1996,"COUNTY TOTAL",2400,82,34.2,2,0.8,0,1,0,1,80,33,0,32,46,2
"202","GARFIELD","Garfield",1997,"COUNTY TOTAL",2400,96,40,3,1.3,0,0,0,3,93,39,0,26,67,0
"203","GARFIELD","Garfield",1998,"COUNTY TOTAL",2400,76,31.7,9,3.8,0,2,0,7,67,28,2,21,42,2
"204","GARFIELD","Garfield",1999,"COUNTY TOTAL",2400,90,37.5,8,3.3,0,1,0,7,82,34,1,31,47,3
"205","GARFIELD","Garfield",2000,"COUNTY TOTAL",2300,98,42.6,8,3.5,0,2,0,6,90,39,0,21,63,6
"206","GARFIELD","Garfield",2001,"COUNTY TOTAL",2400,74,30.8,6,2.5,0,0,0,6,68,28,1,19,46,2
"207","GARFIELD","Garfield",2002,"COUNTY TOTAL",2400,77,32.1,7,2.9,0,1,0,6,70,29,1,14,51,4
"208","GARFIELD","Garfield",2003,"COUNTY TOTAL",2400,101,42.1,5,2.1,0,3,0,2,96,40,0,13,80,3
"209","GARFIELD","Garfield",2004,"COUNTY TOTAL",2400,74,30.8,9,3.8,0,3,0,6,65,27,0,8,56,1
"210","GARFIELD","Garfield",2005,"COUNTY TOTAL",2400,96,40,6,2.5,0,1,0,5,90,38,1,9,73,7
"211","GARFIELD","Garfield",2006,"COUNTY TOTAL",2400,79,32.9,9,3.8,0,2,0,7,70,29,0,13,48,9
"212","GARFIELD","Garfield",2007,"COUNTY TOTAL",2350,51,21.7,3,1.3,0,0,0,3,48,20,0,10,37,1
"213","GARFIELD","Garfield",2008,"COUNTY TOTAL",2300,58,25.2,2,0.9,0,0,0,2,56,24,0,20,34,2
"214","GARFIELD","Garfield",2009,"COUNTY TOTAL",2250,59,26.2,3,1.3,0,0,0,3,56,25,0,16,36,4
"215","GARFIELD","Garfield",2010,"COUNTY TOTAL",2300,58,25.2,3,1.3,0,3,0,0,55,24,1,11,43,0
"216","GARFIELD","Garfield",2011,"COUNTY TOTAL",2250,67,29.8,4,1.8,0,1,0,3,63,28,1,13,47,2
"217","GRANT","Grant",1994,"COUNTY TOTAL",57086,3568,62.5,220,3.9,4,33,14,169,3348,59,11,730,2441,166
"218","GRANT","Grant",1995,"COUNTY TOTAL",61958,4012,64.8,324,5.2,5,48,25,246,3688,60,11,854,2627,196
"219","GRANT","Grant",1996,"COUNTY TOTAL",65276,4301,65.9,293,4.5,11,51,26,205,4008,61,11,1027,2762,208
"220","GRANT","Grant",1997,"COUNTY TOTAL",65392,4307,65.9,282,4.3,4,46,34,198,4025,62,18,1100,2657,250
"221","GRANT","Grant",1998,"COUNTY TOTAL",66947,4430,66.2,300,4.5,2,40,41,217,4130,62,41,1033,2825,231
"222","GRANT","Grant",1999,"COUNTY TOTAL",68148,3619,53.1,235,3.4,4,35,33,163,3384,50,31,881,2312,160
"223","GRANT","Grant",2000,"COUNTY TOTAL",68957,3473,50.4,236,3.4,3,40,36,157,3237,47,23,699,2341,174
"224","GRANT","Grant",2001,"COUNTY TOTAL",72475,3669,50.6,212,2.9,0,42,31,139,3457,48,20,746,2429,262
"225","GRANT","Grant",2002,"COUNTY TOTAL",70405,4061,57.7,227,3.2,3,55,38,131,3834,55,27,826,2704,277
"226","GRANT","Grant",2003,"COUNTY TOTAL",73485,3844,52.3,198,2.7,3,48,29,118,3646,50,45,853,2523,225
"227","GRANT","Grant",2004,"COUNTY TOTAL",75035,4322,57.6,179,2.4,3,31,33,112,4143,55,21,930,2886,306
"228","GRANT","Grant",2005,"COUNTY TOTAL",75810,4686,61.8,228,3,3,43,43,139,4458,59,25,1192,2907,334
"229","GRANT","Grant",2006,"COUNTY TOTAL",75395,5080,67.4,199,2.6,2,33,55,109,4881,65,16,1210,3251,404
"230","GRANT","Grant",2007,"COUNTY TOTAL",76585,4773,62.3,225,2.9,2,41,42,140,4548,59,35,1119,3072,322
"231","GRANT","Grant",2008,"COUNTY TOTAL",78650,4505,57.3,260,3.3,6,29,54,171,4245,54,26,1152,2802,265
"232","GRANT","Grant",2009,"COUNTY TOTAL",80100,4203,52.5,267,3.3,10,41,65,151,3936,49,22,1044,2550,320
"233","GRANT","Grant",2010,"COUNTY TOTAL",83695,4601,55,247,3,3,34,44,166,4354,52,29,1227,2765,333
"234","GRANT","Grant",2011,"COUNTY TOTAL",85075,4021,47.3,251,3,6,21,35,189,3770,44,12,986,2534,238
"235","GRAYS HARBOR","Grays Harbor",1994,"COUNTY TOTAL",66745,3976,59.6,200,3,5,37,36,122,3776,57,26,606,2999,145
"236","GRAYS HARBOR","Grays Harbor",1995,"COUNTY TOTAL",67700,4356,64.3,188,2.8,6,32,21,129,4168,62,33,716,3248,171
"237","GRAYS HARBOR","Grays Harbor",1996,"COUNTY TOTAL",68200,3720,54.5,194,2.8,4,36,35,119,3526,52,22,614,2750,140
"238","GRAYS HARBOR","Grays Harbor",1997,"COUNTY TOTAL",68300,4028,59,154,2.3,6,21,16,111,3874,57,31,732,2955,156
"239","GRAYS HARBOR","Grays Harbor",1998,"COUNTY TOTAL",67900,4002,58.9,149,2.2,1,21,27,100,3853,57,32,801,2872,148
"240","GRAYS HARBOR","Grays Harbor",1999,"COUNTY TOTAL",67700,3519,52,144,2.1,1,25,18,100,3375,50,31,628,2568,148
"241","GRAYS HARBOR","Grays Harbor",2000,"COUNTY TOTAL",67100,3248,48.4,123,1.8,5,26,10,82,3125,47,16,652,2286,171
"242","GRAYS HARBOR","Grays Harbor",2001,"COUNTY TOTAL",67820,3502,51.6,137,2,1,25,20,91,3365,50,20,693,2450,202
"243","GRAYS HARBOR","Grays Harbor",2002,"COUNTY TOTAL",67730,3550,52.4,118,1.7,4,26,18,70,3432,51,22,743,2477,190
"244","GRAYS HARBOR","Grays Harbor",2003,"COUNTY TOTAL",68120,3723,54.7,139,2,1,25,24,89,3584,53,21,816,2553,194
"245","GRAYS HARBOR","Grays Harbor",2004,"COUNTY TOTAL",69200,4089,59.1,171,2.5,0,34,30,107,3918,57,35,818,2810,255
"246","GRAYS HARBOR","Grays Harbor",2005,"COUNTY TOTAL",69800,4203,60.2,153,2.2,2,25,36,90,4050,58,19,783,2884,364
"247","GRAYS HARBOR","Grays Harbor",2006,"COUNTY TOTAL",70400,2988,42.4,123,1.7,3,17,25,78,2865,41,9,646,1958,252
"248","GRAYS HARBOR","Grays Harbor",2007,"COUNTY TOTAL",71515,2997,41.9,121,1.7,2,18,30,71,2876,40,14,777,1814,271
"249","GRAYS HARBOR","Grays Harbor",2008,"COUNTY TOTAL",70900,2505,35.3,120,1.7,2,12,26,80,2385,34,10,551,1673,151
"250","GRAYS HARBOR","Grays Harbor",2009,"COUNTY TOTAL",72200,2580,35.7,161,2.2,0,22,52,87,2419,34,21,566,1661,171
"251","GRAYS HARBOR","Grays Harbor",2010,"COUNTY TOTAL",71600,2830,39.5,132,1.8,1,14,34,83,2698,38,24,713,1815,146
"252","GRAYS HARBOR","Grays Harbor",2011,"COUNTY TOTAL",72900,2534,34.8,137,1.9,3,27,27,80,2397,33,7,578,1660,152
"253","ISLAND","Island",1994,"COUNTY TOTAL",65394,1456,22.3,65,1,1,17,9,38,1391,21,24,249,1079,39
"254","ISLAND","Island",1995,"COUNTY TOTAL",67325,1503,22.3,96,1.4,3,25,19,49,1407,21,14,277,1075,41
"255","ISLAND","Island",1996,"COUNTY TOTAL",68695,1500,21.8,71,1,3,13,10,45,1429,21,18,325,1030,56
"256","ISLAND","Island",1997,"COUNTY TOTAL",71600,1404,19.6,59,0.8,2,11,5,41,1345,19,6,339,938,62
"257","ISLAND","Island",1998,"COUNTY TOTAL",72500,1438,19.8,68,0.9,0,15,13,40,1370,19,12,337,949,72
"258","ISLAND","Island",1999,"COUNTY TOTAL",73300,393,5.4,12,0.2,0,4,1,7,381,5,3,131,234,13
"259","ISLAND","Island",2000,"COUNTY TOTAL",74200,1497,20.2,59,0.8,1,24,7,27,1438,19,6,337,1029,66
"260","ISLAND","Island",2001,"COUNTY TOTAL",72400,810,11.2,64,0.9,1,25,14,24,746,10,1,128,585,32
"261","ISLAND","Island",2002,"COUNTY TOTAL",22606,767,33.9,39,1.7,0,14,8,17,728,32,6,151,543,28
"262","ISLAND","Island",2003,"COUNTY TOTAL",23320,835,35.8,42,1.8,0,17,6,19,793,34,7,171,576,39
"263","ISLAND","Island",2004,"COUNTY TOTAL",23715,750,31.6,47,2,1,13,4,29,703,30,8,154,514,27
"264","ISLAND","Island",2005,"COUNTY TOTAL",76000,2283,30,86,1.1,1,39,10,36,2197,29,7,620,1399,171
"265","ISLAND","Island",2006,"COUNTY TOTAL",77200,2100,27.2,65,0.8,0,26,4,35,2035,26,10,592,1302,131
"266","ISLAND","Island",2007,"COUNTY TOTAL",78400,1954,24.9,73,0.9,0,21,7,45,1881,24,10,509,1274,88
"267","ISLAND","Island",2008,"COUNTY TOTAL",79300,1928,24.3,96,1.2,0,37,9,50,1832,23,7,634,1114,77
"268","ISLAND","Island",2009,"COUNTY TOTAL",80300,1588,19.8,97,1.2,0,17,11,69,1491,19,12,456,973,50
"269","ISLAND","Island",2010,"COUNTY TOTAL",81100,1264,15.6,99,1.2,0,17,8,74,1165,14,5,332,779,49
"270","ISLAND","Island",2011,"COUNTY TOTAL",78800,1536,19.5,96,1.2,2,24,6,64,1440,18,15,534,864,27
"271","JEFFERSON","Jefferson",1994,"COUNTY TOTAL",24300,1033,42.5,65,2.7,0,6,2,57,968,40,9,229,684,46
"272","JEFFERSON","Jefferson",1995,"COUNTY TOTAL",25100,1144,45.6,110,4.4,0,20,8,82,1034,41,11,278,699,46
"273","JEFFERSON","Jefferson",1996,"COUNTY TOTAL",25700,908,35.3,69,2.7,0,5,7,57,839,33,16,205,583,35
"274","JEFFERSON","Jefferson",1997,"COUNTY TOTAL",26300,902,34.3,46,1.7,0,8,2,36,856,33,5,253,566,32
"275","JEFFERSON","Jefferson",1998,"COUNTY TOTAL",26500,858,32.4,38,1.4,1,4,2,31,820,31,13,190,583,34
"276","JEFFERSON","Jefferson",1999,"COUNTY TOTAL",26600,1032,38.8,72,2.7,0,10,5,57,960,36,4,207,692,57
"277","JEFFERSON","Jefferson",2000,"COUNTY TOTAL",26800,918,34.3,59,2.2,1,6,6,46,859,32,2,229,578,50
"278","JEFFERSON","Jefferson",2001,"COUNTY TOTAL",26446,791,29.9,51,1.9,0,10,1,40,740,28,12,181,512,35
"279","JEFFERSON","Jefferson",2002,"COUNTY TOTAL",26600,757,28.5,43,1.6,2,7,1,33,714,27,9,195,476,34
"280","JEFFERSON","Jefferson",2003,"COUNTY TOTAL",26700,810,30.3,50,1.9,1,19,4,26,760,29,8,172,554,26
"281","JEFFERSON","Jefferson",2004,"COUNTY TOTAL",27000,1017,37.7,45,1.7,0,13,2,30,972,36,6,270,655,41
"282","JEFFERSON","Jefferson",2005,"COUNTY TOTAL",27600,1193,43.2,74,2.7,0,19,3,52,1119,41,8,322,747,42
"283","JEFFERSON","Jefferson",2006,"COUNTY TOTAL",28200,1119,39.7,68,2.4,0,6,13,49,1051,37,2,329,686,34
"284","JEFFERSON","Jefferson",2007,"COUNTY TOTAL",28600,985,34.4,77,2.7,0,6,6,65,908,32,1,233,638,36
"285","JEFFERSON","Jefferson",2008,"COUNTY TOTAL",28800,866,30.1,52,1.8,0,8,0,44,814,28,5,234,556,19
"286","JEFFERSON","Jefferson",2009,"COUNTY TOTAL",29000,710,24.5,55,1.9,2,3,5,45,655,23,5,156,478,16
"287","JEFFERSON","Jefferson",2010,"COUNTY TOTAL",29300,776,26.5,61,2.1,1,6,5,49,715,24,3,192,491,29
"288","JEFFERSON","Jefferson",2011,"COUNTY TOTAL",30050,678,22.6,46,1.5,0,14,5,27,632,21,3,164,440,25
"289","KING","King",1994,"COUNTY TOTAL",1610955,118046,73.3,10256,6.4,105,1023,3813,5315,107790,67,863,17823,76846,12258
"290","KING","King",1995,"COUNTY TOTAL",1625145,119836,73.7,8551,5.3,79,873,3477,4122,111285,69,765,17409,78987,14124
"291","KING","King",1996,"COUNTY TOTAL",1640605,119801,73,8101,4.9,70,889,3230,3912,111700,68,761,18027,79430,13482
"292","KING","King",1997,"COUNTY TOTAL",1658050,120452,72.6,8343,5,85,734,3272,4252,112109,68,767,18111,78912,14319
"293","KING","King",1998,"COUNTY TOTAL",1676260,112608,67.2,7848,4.7,77,811,2843,4117,104760,63,789,15844,71888,16239
"294","KING","King",1999,"COUNTY TOTAL",1689610,105563,62.5,7297,4.3,76,653,2695,3873,98266,58,758,14478,66358,16672
"295","KING","King",2000,"COUNTY TOTAL",1698830,100284,59,7460,4.4,58,663,2652,4087,92824,55,765,14342,60966,16751
"296","KING","King",2001,"COUNTY TOTAL",1772355,102387,57.8,7291,4.1,60,594,2624,4013,95096,54,771,14897,61135,18293
"297","KING","King",2002,"COUNTY TOTAL",1789160,103234,57.7,7107,4,62,569,2563,3913,96127,54,762,16194,60870,18301
"298","KING","King",2003,"COUNTY TOTAL",1794745,106821,59.5,7182,4,71,651,2613,3847,99639,56,789,17821,61913,19116
"299","KING","King",2004,"COUNTY TOTAL",1804780,107078,59.3,6957,3.9,57,673,2708,3519,100121,56,774,18156,61252,19939
"300","KING","King",2005,"COUNTY TOTAL",1826305,112267,61.5,7410,4.1,55,663,2689,4003,104857,57,751,17156,65067,21883
"301","KING","King",2006,"COUNTY TOTAL",1854825,103194,55.6,7636,4.1,68,646,2986,3936,95558,52,834,17822,58096,18806
"302","KING","King",2007,"COUNTY TOTAL",1882205,90683,48.2,6913,3.7,59,556,2738,3560,83770,45,583,15565,53643,13979
"303","KING","King",2008,"COUNTY TOTAL",1827155,83433,45.7,6513,3.6,64,544,2808,3097,76920,42,412,15697,51376,9435
"304","KING","King",2009,"COUNTY TOTAL",1931205,88315,45.7,7144,3.7,47,545,3042,3510,81171,42,482,16043,56638,8008
"305","KING","King",2010,"COUNTY TOTAL",1955910,86107,44,6606,3.4,41,585,2562,3418,79501,41,409,16047,53948,9097
"306","KING","King",2011,"COUNTY TOTAL",1966075,84892,43.2,6776,3.4,36,565,2528,3647,78116,40,335,16907,51843,9031
"307","KING","King",2012,"COUNTY TOTAL",841815,29263,34.8,2022,2.4,23,321,737,941,27241,32,158,7454,16124,3505
"308","KING","King",2013,"COUNTY TOTAL",653585,18751,28.7,1048,1.6,9,214,355,470,17703,27,117,4942,10437,2207
"309","KING","King",2014,"COUNTY TOTAL",660295,19309,29.2,1196,1.8,12,229,408,547,18113,27,127,4677,10896,2413
"310","KING","King",2015,"COUNTY TOTAL",523405,13483,25.8,906,1.7,17,196,266,427,12577,24,114,3234,7260,1969
"311","KITSAP","Kitsap",1994,"COUNTY TOTAL",213200,8371,39.3,602,2.8,10,122,90,380,7769,36,66,1513,5754,436
"312","KITSAP","Kitsap",1995,"COUNTY TOTAL",220600,10139,46,927,4.2,7,182,102,636,9212,42,101,1928,6566,617
"313","KITSAP","Kitsap",1996,"COUNTY TOTAL",224700,9639,42.9,819,3.6,5,121,143,550,8820,39,84,1799,6432,505
"314","KITSAP","Kitsap",1997,"COUNTY TOTAL",229400,10529,45.9,971,4.2,5,187,101,678,9558,42,68,2201,6699,590
"315","KITSAP","Kitsap",1998,"COUNTY TOTAL",229000,9828,42.9,965,4.2,3,124,131,707,8863,39,109,2144,6006,604
"316","KITSAP","Kitsap",1999,"COUNTY TOTAL",229700,9258,40.3,823,3.6,3,158,122,540,8435,37,67,2148,5672,548
"317","KITSAP","Kitsap",2000,"COUNTY TOTAL",230200,10112,43.9,1002,4.4,8,178,127,689,9110,40,81,2164,6422,443
"318","KITSAP","Kitsap",2001,"COUNTY TOTAL",233400,9242,39.6,952,4.1,6,197,114,635,8290,36,82,1935,5599,674
"319","KITSAP","Kitsap",2002,"COUNTY TOTAL",234700,9223,39.3,924,3.9,1,185,116,622,8299,35,76,2039,5476,708
"320","KITSAP","Kitsap",2003,"COUNTY TOTAL",237000,8068,34,993,4.2,6,175,104,708,7075,30,42,1735,4715,583
"321","KITSAP","Kitsap",2004,"COUNTY TOTAL",239500,8004,33.4,1058,4.4,1,231,125,701,6946,29,68,1710,4543,625
"322","KITSAP","Kitsap",2005,"COUNTY TOTAL",240400,8053,33.5,1020,4.2,8,211,119,682,7033,29,56,1819,4572,586
"323","KITSAP","Kitsap",2006,"COUNTY TOTAL",243400,7607,31.3,1014,4.2,3,231,125,655,6593,27,72,1742,4178,601
"324","KITSAP","Kitsap",2007,"COUNTY TOTAL",244800,7374,30.1,1049,4.3,1,200,105,743,6325,26,64,1567,4314,380
"325","KITSAP","Kitsap",2008,"COUNTY TOTAL",246800,7568,30.7,1103,4.5,5,195,112,791,6465,26,60,1676,4416,313
"326","KITSAP","Kitsap",2009,"COUNTY TOTAL",247600,7230,29.2,1060,4.3,4,166,107,783,6170,25,68,1490,4266,346
"327","KITSAP","Kitsap",2010,"COUNTY TOTAL",248300,7513,30.3,999,4,2,164,115,718,6514,26,58,1656,4438,362
"328","KITSAP","Kitsap",2011,"COUNTY TOTAL",253900,8134,32,782,3.1,3,123,115,541,7352,29,34,1984,4766,568
"329","KITTITAS","Kittitas",1994,"COUNTY TOTAL",27755,1661,59.8,66,2.4,0,11,6,49,1595,58,7,256,1269,63
"330","KITTITAS","Kittitas",1995,"COUNTY TOTAL",28132,1645,58.5,53,1.9,1,8,6,38,1592,57,7,210,1320,55
"331","KITTITAS","Kittitas",1996,"COUNTY TOTAL",30800,1805,58.6,75,2.4,1,16,5,53,1730,56,9,297,1357,67
"332","KITTITAS","Kittitas",1997,"COUNTY TOTAL",31500,1814,57.6,70,2.2,0,12,9,49,1744,55,8,302,1365,69
"333","KITTITAS","Kittitas",1998,"COUNTY TOTAL",31400,2013,64.1,56,1.8,0,8,9,39,1957,62,11,349,1523,74
"334","KITTITAS","Kittitas",1999,"COUNTY TOTAL",32400,1788,55.2,65,2,1,15,7,42,1723,53,9,348,1306,60
"335","KITTITAS","Kittitas",2000,"COUNTY TOTAL",32500,1913,58.9,61,1.9,1,15,7,38,1852,57,4,368,1402,78
"336","KITTITAS","Kittitas",2001,"COUNTY TOTAL",34000,2205,64.9,51,1.5,0,15,5,31,2154,63,20,439,1626,69
"337","KITTITAS","Kittitas",2002,"COUNTY TOTAL",34800,1960,56.3,58,1.7,2,20,6,30,1902,55,21,411,1381,89
"338","KITTITAS","Kittitas",2003,"COUNTY TOTAL",35200,1966,55.9,56,1.6,0,20,5,31,1910,54,13,395,1428,74
"339","KITTITAS","Kittitas",2004,"COUNTY TOTAL",35800,2336,65.3,58,1.6,0,15,10,33,2278,64,27,522,1610,119
"340","KITTITAS","Kittitas",2005,"COUNTY TOTAL",36600,2342,64,66,1.8,0,22,5,39,2276,62,4,486,1674,112
"341","KITTITAS","Kittitas",2006,"COUNTY TOTAL",36265,2119,58.4,51,1.4,0,17,10,24,2068,57,0,408,1562,98
"342","KITTITAS","Kittitas",2007,"COUNTY TOTAL",38300,1969,51.4,63,1.6,0,17,11,35,1906,50,7,407,1405,87
"343","KITTITAS","Kittitas",2008,"COUNTY TOTAL",39400,1944,49.3,76,1.9,0,28,3,45,1868,47,7,412,1348,101
"344","KITTITAS","Kittitas",2009,"COUNTY TOTAL",39900,1784,44.7,71,1.8,0,16,11,44,1713,43,6,389,1238,80
"345","KITTITAS","Kittitas",2010,"COUNTY TOTAL",40500,1855,45.8,56,1.4,0,23,11,22,1799,44,9,389,1309,92
"346","KITTITAS","Kittitas",2011,"COUNTY TOTAL",41300,1632,39.5,61,1.5,2,16,10,33,1571,38,7,360,1135,69
"347","KLICKITAT","Klickitat",1994,"COUNTY TOTAL",17040,552,32.4,35,2.1,1,10,1,23,517,30,0,118,375,24
"348","KLICKITAT","Klickitat",1995,"COUNTY TOTAL",18100,719,39.7,49,2.7,0,4,3,42,670,37,15,144,469,42
"349","KLICKITAT","Klickitat",1996,"COUNTY TOTAL",18700,622,33.3,57,3,0,8,3,46,565,30,2,145,391,27
"350","KLICKITAT","Klickitat",1997,"COUNTY TOTAL",19000,587,30.9,38,2,1,5,3,29,549,29,4,137,375,33
"351","KLICKITAT","Klickitat",1998,"COUNTY TOTAL",19100,639,33.5,48,2.5,3,5,2,38,591,31,5,127,416,43
"352","KLICKITAT","Klickitat",1999,"COUNTY TOTAL",19300,486,25.2,36,1.9,0,2,1,33,450,23,3,100,326,21
"353","KLICKITAT","Klickitat",2000,"COUNTY TOTAL",19600,536,27.3,47,2.4,0,3,2,42,489,25,7,119,338,25
"354","KLICKITAT","Klickitat",2001,"COUNTY TOTAL",19300,546,28.3,41,2.1,2,3,1,35,505,26,1,124,344,36
"355","KLICKITAT","Klickitat",2002,"COUNTY TOTAL",19300,601,31.1,43,2.2,0,2,2,39,558,29,4,143,366,45
"356","KLICKITAT","Klickitat",2003,"COUNTY TOTAL",19300,343,17.8,24,1.2,0,3,1,20,319,17,1,84,211,23
"357","KLICKITAT","Klickitat",2004,"COUNTY TOTAL",19300,575,29.8,34,1.8,0,5,0,29,541,28,3,209,299,30
"358","KLICKITAT","Klickitat",2005,"COUNTY TOTAL",19500,552,28.3,16,0.8,1,1,2,12,536,28,3,258,224,51
"359","KLICKITAT","Klickitat",2006,"COUNTY TOTAL",19800,408,20.6,21,1.1,0,1,4,16,387,20,1,134,200,52
"360","KLICKITAT","Klickitat",2007,"COUNTY TOTAL",19900,493,24.8,16,0.8,1,0,1,14,477,24,7,173,241,56
"361","KLICKITAT","Klickitat",2008,"COUNTY TOTAL",20100,419,20.8,23,1.1,0,1,3,19,396,20,1,160,185,50
"362","KLICKITAT","Klickitat",2009,"COUNTY TOTAL",20200,459,22.7,15,0.7,1,0,0,14,444,22,5,204,179,56
"363","KLICKITAT","Klickitat",2010,"COUNTY TOTAL",20500,430,21,16,0.8,0,1,0,15,414,20,0,169,197,48
"364","KLICKITAT","Klickitat",2011,"COUNTY TOTAL",20500,274,13.4,13,0.6,0,0,0,13,261,13,2,80,153,26
"365","LEWIS","Lewis",1994,"COUNTY TOTAL",63600,3077,48.4,172,2.7,0,24,21,127,2905,46,23,601,2135,146
"366","LEWIS","Lewis",1995,"COUNTY TOTAL",65500,3625,55.3,231,3.5,1,27,24,179,3394,52,21,726,2388,259
"367","LEWIS","Lewis",1996,"COUNTY TOTAL",65440,4241,64.8,225,3.4,4,60,25,136,4016,61,18,828,2965,205
"368","LEWIS","Lewis",1997,"COUNTY TOTAL",68300,3607,52.8,212,3.1,2,38,30,142,3395,50,16,734,2452,193
"369","LEWIS","Lewis",1998,"COUNTY TOTAL",68600,3379,49.3,187,2.7,2,40,28,117,3192,47,9,700,2316,167
"370","LEWIS","Lewis",1999,"COUNTY TOTAL",69000,3162,45.8,204,3,0,49,25,130,2958,43,17,646,2101,194
"371","LEWIS","Lewis",2000,"COUNTY TOTAL",69000,3281,47.6,217,3.1,7,45,32,133,3064,44,20,737,2122,185
"372","LEWIS","Lewis",2001,"COUNTY TOTAL",69500,3042,43.8,232,3.3,1,47,27,157,2810,40,21,643,1982,164
"373","LEWIS","Lewis",2002,"COUNTY TOTAL",70200,3133,44.6,220,3.1,3,44,35,138,2913,42,20,630,2082,181
"374","LEWIS","Lewis",2003,"COUNTY TOTAL",70400,3229,45.9,186,2.6,0,33,34,119,3043,43,21,659,2071,292
"375","LEWIS","Lewis",2004,"COUNTY TOTAL",70015,3474,49.6,218,3.1,1,38,32,147,3256,47,12,686,2333,225
"376","LEWIS","Lewis",2005,"COUNTY TOTAL",69095,3538,51.2,200,2.9,3,56,24,117,3338,48,20,739,2292,287
"377","LEWIS","Lewis",2006,"COUNTY TOTAL",71065,2711,38.1,156,2.2,0,25,19,112,2555,36,22,546,1757,230
"378","LEWIS","Lewis",2007,"COUNTY TOTAL",73615,2920,39.7,199,2.7,2,27,31,139,2721,37,19,562,1958,182
"379","LEWIS","Lewis",2008,"COUNTY TOTAL",73590,2911,39.6,204,2.8,1,34,32,137,2707,37,22,540,1964,181
"380","LEWIS","Lewis",2009,"COUNTY TOTAL",72880,2386,32.7,169,2.3,2,34,20,113,2217,30,24,512,1533,148
"381","LEWIS","Lewis",2010,"COUNTY TOTAL",74290,2909,39.2,175,2.4,6,22,22,125,2734,37,12,614,1949,159
"382","LEWIS","Lewis",2011,"COUNTY TOTAL",75375,2136,28.3,171,2.3,1,26,22,122,1965,26,6,494,1342,123
"383","LINCOLN","Lincoln",1994,"COUNTY TOTAL",8985,264,29.4,36,4,1,8,4,23,228,25,8,71,131,18
"384","LINCOLN","Lincoln",1995,"COUNTY TOTAL",9700,294,30.3,45,4.6,0,9,0,36,249,26,1,86,143,19
"385","LINCOLN","Lincoln",1996,"COUNTY TOTAL",9800,238,24.3,44,4.5,0,11,0,33,194,20,3,70,109,12
"386","LINCOLN","Lincoln",1997,"COUNTY TOTAL",9305,229,24.6,23,2.5,0,6,1,16,206,22,3,54,140,9
"387","LINCOLN","Lincoln",1998,"COUNTY TOTAL",9694,276,28.5,26,2.7,0,4,4,18,250,26,0,78,153,19
"388","LINCOLN","Lincoln",1999,"COUNTY TOTAL",10000,185,18.5,8,0.8,0,0,0,8,177,18,1,63,108,5
"389","LINCOLN","Lincoln",2000,"COUNTY TOTAL",10000,174,17.4,22,2.2,0,12,1,9,152,15,1,60,84,7
"390","LINCOLN","Lincoln",2001,"COUNTY TOTAL",10200,190,18.6,7,0.7,1,0,2,4,183,18,1,57,114,11
"391","LINCOLN","Lincoln",2002,"COUNTY TOTAL",10200,244,23.9,14,1.4,1,5,0,8,230,23,1,58,167,4
"392","LINCOLN","Lincoln",2003,"COUNTY TOTAL",10100,235,23.3,9,0.9,0,3,1,5,226,22,0,67,147,12
"393","LINCOLN","Lincoln",2004,"COUNTY TOTAL",10200,257,25.2,9,0.9,0,3,0,6,248,24,2,79,153,14
"394","LINCOLN","Lincoln",2005,"COUNTY TOTAL",9490,245,25.8,13,1.4,0,5,0,8,232,24,1,56,158,17
"395","LINCOLN","Lincoln",2006,"COUNTY TOTAL",10200,270,26.5,8,0.8,0,4,0,4,262,26,0,49,200,13
"396","LINCOLN","Lincoln",2007,"COUNTY TOTAL",10300,250,24.3,8,0.8,0,3,1,4,242,24,0,50,180,12
"397","LINCOLN","Lincoln",2008,"COUNTY TOTAL",10400,211,20.3,14,1.3,0,5,1,8,197,19,2,56,136,3
"398","LINCOLN","Lincoln",2009,"COUNTY TOTAL",10450,167,16,17,1.6,0,1,0,16,150,14,1,56,85,8
"399","LINCOLN","Lincoln",2010,"COUNTY TOTAL",10500,170,16.2,7,0.7,0,2,1,4,163,16,3,43,111,6
"400","LINCOLN","Lincoln",2011,"COUNTY TOTAL",10600,181,17.1,10,0.9,0,1,1,8,171,16,2,56,106,7
"401","MASON","Mason",1994,"COUNTY TOTAL",44300,2157,48.7,120,2.7,2,25,18,75,2037,46,5,572,1329,131
"402","MASON","Mason",1995,"COUNTY TOTAL",45300,2831,62.5,156,3.4,3,32,23,98,2675,59,6,729,1777,163
"403","MASON","Mason",1996,"COUNTY TOTAL",46700,2841,60.8,161,3.4,2,29,10,120,2680,57,16,839,1643,182
"404","MASON","Mason",1997,"COUNTY TOTAL",47900,2950,61.6,160,3.3,3,45,22,90,2790,58,13,820,1783,174
"405","MASON","Mason",1998,"COUNTY TOTAL",48300,3055,63.3,172,3.6,5,46,19,102,2883,60,19,848,1825,191
"406","MASON","Mason",1999,"COUNTY TOTAL",48600,2857,58.8,163,3.4,2,34,24,103,2694,55,7,859,1649,179
"407","MASON","Mason",2000,"COUNTY TOTAL",49300,2764,56.1,144,2.9,2,38,20,84,2620,53,8,806,1626,180
"408","MASON","Mason",2001,"COUNTY TOTAL",49600,3057,61.6,164,3.3,2,59,13,90,2893,58,16,820,1830,227
"409","MASON","Mason",2002,"COUNTY TOTAL",49800,2869,57.6,175,3.5,4,63,20,88,2694,54,13,755,1663,263
"410","MASON","Mason",2003,"COUNTY TOTAL",50200,2970,59.2,161,3.2,2,43,22,94,2809,56,15,742,1751,301
"411","MASON","Mason",2004,"COUNTY TOTAL",50800,3091,60.8,182,3.6,2,56,19,105,2909,57,18,787,1785,319
"412","MASON","Mason",2005,"COUNTY TOTAL",51900,3724,71.8,165,3.2,6,38,22,99,3559,69,10,1081,2060,408
"413","MASON","Mason",2006,"COUNTY TOTAL",53100,3009,56.7,159,3,1,38,31,89,2850,54,14,795,1706,335
"414","MASON","Mason",2007,"COUNTY TOTAL",54600,3055,56,209,3.8,0,41,35,133,2846,52,12,711,1811,312
"415","MASON","Mason",2008,"COUNTY TOTAL",56300,2729,48.5,196,3.5,0,45,16,135,2533,45,11,805,1487,230
"416","MASON","Mason",2009,"COUNTY TOTAL",56800,2617,46.1,196,3.5,0,43,17,136,2421,43,2,732,1426,261
"417","MASON","Mason",2010,"COUNTY TOTAL",57100,2751,48.2,187,3.3,1,39,39,108,2564,45,10,690,1542,322
"418","MASON","Mason",2011,"COUNTY TOTAL",61100,2667,43.6,174,2.8,0,31,13,130,2493,41,5,823,1415,250
"419","OKANOGAN","Okanogan",1994,"COUNTY TOTAL",35706,1569,43.9,151,4.2,0,22,10,119,1418,40,12,357,976,73
"420","OKANOGAN","Okanogan",1995,"COUNTY TOTAL",36896,1493,40.5,140,3.8,4,21,10,105,1353,37,7,323,951,72
"421","OKANOGAN","Okanogan",1996,"COUNTY TOTAL",37480,1476,39.4,101,2.7,6,11,3,81,1375,37,10,298,983,84
"422","OKANOGAN","Okanogan",1997,"COUNTY TOTAL",38201,1350,35.3,92,2.4,1,16,9,66,1258,33,5,337,845,71
"423","OKANOGAN","Okanogan",1998,"COUNTY TOTAL",38167,1185,31,99,2.6,4,7,3,85,1086,29,7,274,747,58
"424","OKANOGAN","Okanogan",1999,"COUNTY TOTAL",38148,1055,27.7,95,2.5,2,10,7,76,960,25,14,233,664,49
"425","OKANOGAN","Okanogan",2000,"COUNTY TOTAL",38248,1027,26.9,82,2.1,2,12,5,63,945,25,7,231,661,46
"426","OKANOGAN","Okanogan",2001,"COUNTY TOTAL",39620,1051,26.5,82,2.1,0,11,5,66,969,25,8,249,652,60
"427","OKANOGAN","Okanogan",2002,"COUNTY TOTAL",39766,938,23.6,86,2.2,0,16,5,65,852,21,0,213,598,41
"428","OKANOGAN","Okanogan",2003,"COUNTY TOTAL",39565,1003,25.4,96,2.4,0,24,7,65,907,23,10,211,629,57
"429","OKANOGAN","Okanogan",2004,"COUNTY TOTAL",39565,1263,31.9,98,2.5,3,17,12,66,1165,29,8,345,716,96
"430","OKANOGAN","Okanogan",2005,"COUNTY TOTAL",39775,1307,32.9,115,2.9,2,27,6,80,1192,30,7,344,789,52
"431","OKANOGAN","Okanogan",2006,"COUNTY TOTAL",39524,1346,34.1,112,2.8,1,21,8,82,1234,31,2,258,906,68
"432","OKANOGAN","Okanogan",2007,"COUNTY TOTAL",40509,1127,27.8,75,1.9,0,19,5,51,1052,26,11,258,719,64
"433","OKANOGAN","Okanogan",2008,"COUNTY TOTAL",39830,1112,27.9,55,1.4,0,12,9,34,1057,27,2,336,658,61
"434","OKANOGAN","Okanogan",2009,"COUNTY TOTAL",40230,908,22.6,59,1.5,2,14,7,36,849,21,2,260,530,57
"435","OKANOGAN","Okanogan",2010,"COUNTY TOTAL",40625,870,21.4,65,1.6,1,9,14,41,805,20,3,211,522,69
"436","OKANOGAN","Okanogan",2011,"COUNTY TOTAL",40910,808,19.8,91,2.2,2,7,8,74,717,18,1,204,465,47
"437","PACIFIC","Pacific",1994,"COUNTY TOTAL",20300,807,39.8,54,2.7,2,7,1,44,753,37,2,254,461,36
"438","PACIFIC","Pacific",1995,"COUNTY TOTAL",20800,927,44.6,58,2.8,0,7,3,48,869,42,5,254,571,39
"439","PACIFIC","Pacific",1996,"COUNTY TOTAL",21100,936,44.4,79,3.7,2,9,4,64,857,41,3,236,564,54
"440","PACIFIC","Pacific",1997,"COUNTY TOTAL",21300,894,42,67,3.1,1,4,2,60,827,39,5,255,529,38
"441","PACIFIC","Pacific",1998,"COUNTY TOTAL",21500,1015,47.2,92,4.3,1,8,6,77,923,43,6,269,592,56
"442","PACIFIC","Pacific",1999,"COUNTY TOTAL",21500,771,35.9,65,3,0,11,5,49,706,33,6,205,455,40
"443","PACIFIC","Pacific",2000,"COUNTY TOTAL",21300,707,33.2,49,2.3,1,7,3,38,658,31,3,212,407,36
"444","PACIFIC","Pacific",2001,"COUNTY TOTAL",21000,727,34.6,54,2.6,1,5,1,47,673,32,3,228,408,34
"445","PACIFIC","Pacific",2002,"COUNTY TOTAL",21000,672,32,56,2.7,0,9,5,42,616,29,0,230,361,25
"446","PACIFIC","Pacific",2003,"COUNTY TOTAL",20900,850,40.7,39,1.9,1,9,3,26,811,39,1,267,498,45
"447","PACIFIC","Pacific",2004,"COUNTY TOTAL",21000,973,46.3,45,2.1,0,4,4,37,928,44,6,365,513,44
"448","PACIFIC","Pacific",2005,"COUNTY TOTAL",21300,1029,48.3,46,2.2,2,5,4,35,983,46,4,307,608,64
"449","PACIFIC","Pacific",2006,"COUNTY TOTAL",21500,866,40.3,39,1.8,1,7,3,28,827,39,2,307,466,52
"450","PACIFIC","Pacific",2007,"COUNTY TOTAL",21600,705,32.6,30,1.4,0,6,2,22,675,31,1,231,390,53
"451","PACIFIC","Pacific",2008,"COUNTY TOTAL",21800,711,32.6,50,2.3,0,6,2,42,661,30,5,241,383,32
"452","PACIFIC","Pacific",2009,"COUNTY TOTAL",21800,589,27,57,2.6,2,10,1,44,532,24,2,212,300,18
"453","PACIFIC","Pacific",2010,"COUNTY TOTAL",22100,685,31,34,1.5,0,6,3,25,651,30,5,250,363,33
"454","PACIFIC","Pacific",2011,"COUNTY TOTAL",20900,540,25.8,24,1.1,1,8,1,14,516,25,1,221,275,19
"455","PEND OREILLE","Pend Oreille",1994,"COUNTY TOTAL",10500,551,52.5,49,4.7,1,12,0,36,502,48,3,119,350,30
"456","PEND OREILLE","Pend Oreille",1995,"COUNTY TOTAL",10700,532,49.7,58,5.4,2,8,2,46,474,44,3,141,303,27
"457","PEND OREILLE","Pend Oreille",1996,"COUNTY TOTAL",10460,387,37,19,1.8,0,4,1,14,368,35,1,93,261,13
"458","PEND OREILLE","Pend Oreille",1997,"COUNTY TOTAL",10563,419,39.7,19,1.8,0,3,1,15,400,38,0,129,245,26
"459","PEND OREILLE","Pend Oreille",1998,"COUNTY TOTAL",10070,442,43.9,17,1.7,0,2,0,15,425,42,2,123,273,27
"460","PEND OREILLE","Pend Oreille",1999,"COUNTY TOTAL",10000,403,40.3,25,2.5,0,3,2,20,378,38,5,96,265,12
"461","PEND OREILLE","Pend Oreille",2000,"COUNTY TOTAL",10585,403,38.1,16,1.5,0,5,2,9,387,37,1,118,249,19
"462","PEND OREILLE","Pend Oreille",2001,"COUNTY TOTAL",11415,473,41.4,36,3.2,1,6,2,27,437,38,0,103,299,35
"463","PEND OREILLE","Pend Oreille",2002,"COUNTY TOTAL",11415,407,35.7,21,1.8,0,3,4,14,386,34,2,119,245,20
"464","PEND OREILLE","Pend Oreille",2003,"COUNTY TOTAL",11595,482,41.6,28,2.4,1,2,1,24,454,39,1,105,309,39
"465","PEND OREILLE","Pend Oreille",2004,"COUNTY TOTAL",11900,502,42.2,17,1.4,0,3,0,14,485,41,0,172,282,31
"466","PEND OREILLE","Pend Oreille",2005,"COUNTY TOTAL",12200,564,46.2,18,1.5,0,3,1,14,546,45,2,148,358,38
"467","PEND OREILLE","Pend Oreille",2006,"COUNTY TOTAL",12300,510,41.5,7,0.6,1,2,0,4,503,41,2,147,325,29
"468","PEND OREILLE","Pend Oreille",2007,"COUNTY TOTAL",12600,419,33.3,6,0.5,1,1,1,3,413,33,0,93,294,26
"469","PEND OREILLE","Pend Oreille",2008,"COUNTY TOTAL",12800,401,31.3,7,0.5,0,1,2,4,394,31,0,107,257,30
"470","PEND OREILLE","Pend Oreille",2009,"COUNTY TOTAL",12735,343,26.9,5,0.4,0,1,0,4,338,27,1,82,234,21
"471","PEND OREILLE","Pend Oreille",2010,"COUNTY TOTAL",12940,440,34,16,1.2,0,0,0,16,424,33,2,140,243,39
"472","PEND OREILLE","Pend Oreille",2011,"COUNTY TOTAL",13000,428,32.9,17,1.3,0,1,0,16,411,32,0,133,252,26
"473","PIERCE","Pierce",1994,"COUNTY TOTAL",645671,46084,71.4,5941,9.2,64,442,1445,3990,40143,62,357,7895,26527,5364
"474","PIERCE","Pierce",1995,"COUNTY TOTAL",656602,47097,71.7,5660,8.6,53,386,1401,3820,41437,63,326,8368,27856,4887
"475","PIERCE","Pierce",1996,"COUNTY TOTAL",559472,45529,81.4,4866,8.7,45,304,1218,3299,40663,73,270,7959,27356,5078
"476","PIERCE","Pierce",1997,"COUNTY TOTAL",670240,46785,69.8,5291,7.9,36,385,1330,3540,41494,62,302,8532,27502,5158
"477","PIERCE","Pierce",1998,"COUNTY TOTAL",681185,45884,67.4,4878,7.2,46,337,1305,3190,41006,60,296,8284,26916,5510
"478","PIERCE","Pierce",1999,"COUNTY TOTAL",694005,43053,62,4388,6.3,20,348,1111,2909,38665,56,223,8045,25010,5387
"479","PIERCE","Pierce",2000,"COUNTY TOTAL",702330,46769,66.6,4544,6.5,33,341,1205,2965,42225,60,307,8276,27476,6166
"480","PIERCE","Pierce",2001,"COUNTY TOTAL",713505,43014,60.3,3783,5.3,33,333,1199,2218,39231,55,243,7230,25270,6488
"481","PIERCE","Pierce",2002,"COUNTY TOTAL",723765,44612,61.6,4004,5.5,29,402,1098,2475,40608,56,282,7541,26427,6358
"482","PIERCE","Pierce",2003,"COUNTY TOTAL",732915,42217,57.6,4179,5.7,27,344,1165,2643,38038,52,231,7610,24253,5944
"483","PIERCE","Pierce",2004,"COUNTY TOTAL",742200,42766,57.6,4031,5.4,26,385,1185,2435,38735,52,234,8130,24006,6365
"484","PIERCE","Pierce",2005,"COUNTY TOTAL",746970,44104,59,4087,5.5,28,331,1121,2607,40017,54,237,8348,24022,7410
"485","PIERCE","Pierce",2006,"COUNTY TOTAL",763055,43249,56.7,4204,5.5,35,353,1174,2642,39045,51,268,8414,23276,7087
"486","PIERCE","Pierce",2007,"COUNTY TOTAL",784590,39515,50.4,4105,5.2,29,297,1087,2692,35410,45,251,7274,21343,6542
"487","PIERCE","Pierce",2008,"COUNTY TOTAL",799515,39516,49.4,4202,5.3,30,371,1101,2700,35314,44,228,7266,22461,5359
"488","PIERCE","Pierce",2009,"COUNTY TOTAL",807675,38759,48,4188,5.2,33,339,1227,2589,34571,43,170,7846,22767,3788
"489","PIERCE","Pierce",2010,"COUNTY TOTAL",808230,35446,43.9,3751,4.6,26,317,1075,2333,31695,39,167,7944,19484,4100
"490","PIERCE","Pierce",2011,"COUNTY TOTAL",795245,34465,43.3,3339,4.2,23,296,906,2114,31126,39,177,7711,19150,4088
"491","PIERCE","Pierce",2012,"COUNTY TOTAL",16398,959,58.5,65,4,0,5,15,45,894,55,2,209,566,117
"492","SAN JUAN","San Juan",1994,"COUNTY TOTAL",12100,427,35.3,11,0.9,0,1,2,8,416,34,3,99,294,20
"493","SAN JUAN","San Juan",1995,"COUNTY TOTAL",12300,368,29.9,5,0.4,0,0,1,4,363,30,2,118,236,7
"494","SAN JUAN","San Juan",1996,"COUNTY TOTAL",12400,317,25.6,2,0.2,0,0,0,2,315,25,0,75,233,7
"495","SAN JUAN","San Juan",1997,"COUNTY TOTAL",12500,284,22.7,10,0.8,0,0,0,10,274,22,0,84,178,12
"496","SAN JUAN","San Juan",1998,"COUNTY TOTAL",12600,256,20.3,7,0.6,1,0,1,5,249,20,1,81,162,5
"497","SAN JUAN","San Juan",1999,"COUNTY TOTAL",12700,254,20,2,0.2,0,0,0,2,252,20,2,61,177,12
"498","SAN JUAN","San Juan",2000,"COUNTY TOTAL",12700,227,17.9,6,0.5,0,0,0,6,221,17,1,64,144,12
"499","SAN JUAN","San Juan",2001,"COUNTY TOTAL",14400,244,16.9,5,0.3,0,0,1,4,239,17,0,73,151,15
"500","SAN JUAN","San Juan",2002,"COUNTY TOTAL",14600,217,14.9,8,0.5,1,0,0,7,209,14,3,45,154,7
"501","SAN JUAN","San Juan",2003,"COUNTY TOTAL",14800,233,15.7,10,0.7,0,4,0,6,223,15,1,74,135,13
"502","SAN JUAN","San Juan",2004,"COUNTY TOTAL",15100,242,16,7,0.5,0,1,1,5,235,16,1,54,164,16
"503","SAN JUAN","San Juan",2005,"COUNTY TOTAL",15500,297,19.2,9,0.6,0,3,0,6,288,19,2,103,161,22
"504","SAN JUAN","San Juan",2006,"COUNTY TOTAL",15700,257,16.4,9,0.6,0,3,2,4,248,16,0,64,161,23
"505","SAN JUAN","San Juan",2007,"COUNTY TOTAL",15900,231,14.5,9,0.6,0,2,1,6,222,14,2,60,136,24
"506","SAN JUAN","San Juan",2008,"COUNTY TOTAL",16100,264,16.4,7,0.4,1,0,0,6,257,16,1,86,152,18
"507","SAN JUAN","San Juan",2009,"COUNTY TOTAL",16300,280,17.2,9,0.6,0,2,0,7,271,17,1,90,166,14
"508","SAN JUAN","San Juan",2010,"COUNTY TOTAL",16500,202,12.2,14,0.8,0,4,0,10,188,11,5,66,105,12
"509","SAN JUAN","San Juan",2011,"COUNTY TOTAL",15900,200,12.6,19,1.2,1,1,0,17,181,11,4,52,111,14
"510","SKAGIT","Skagit",1994,"COUNTY TOTAL",90260,4972,55.1,169,1.9,3,49,28,89,4803,53,46,716,3845,196
"511","SKAGIT","Skagit",1995,"COUNTY TOTAL",92360,6410,69.4,148,1.6,3,40,32,73,6262,68,43,884,5112,223
"512","SKAGIT","Skagit",1996,"COUNTY TOTAL",94735,6159,65,183,1.9,1,39,45,98,5976,63,52,821,4929,174
"513","SKAGIT","Skagit",1997,"COUNTY TOTAL",96130,5600,58.3,148,1.5,2,37,37,72,5452,57,43,790,4406,213
"514","SKAGIT","Skagit",1998,"COUNTY TOTAL",97915,6075,62,148,1.5,2,44,44,58,5927,61,29,907,4762,229
"515","SKAGIT","Skagit",1999,"COUNTY TOTAL",99820,6378,63.9,165,1.7,2,34,39,90,6213,62,13,1210,4730,260
"516","SKAGIT","Skagit",2000,"COUNTY TOTAL",101520,6103,60.1,141,1.4,4,36,39,62,5962,59,32,998,4615,317
"517","SKAGIT","Skagit",2001,"COUNTY TOTAL",103310,6481,62.7,172,1.7,3,51,43,75,6309,61,34,1007,4940,328
"518","SKAGIT","Skagit",2002,"COUNTY TOTAL",104310,6761,64.8,197,1.9,4,61,39,93,6564,63,34,1105,5018,407
"519","SKAGIT","Skagit",2003,"COUNTY TOTAL",105920,7217,68.1,227,2.1,1,74,47,105,6990,66,46,1367,5153,424
"520","SKAGIT","Skagit",2004,"COUNTY TOTAL",108800,7792,71.6,281,2.6,2,67,62,150,7511,69,38,1288,5721,464
"521","SKAGIT","Skagit",2005,"COUNTY TOTAL",110900,8705,78.5,241,2.2,3,60,52,126,8464,76,56,1592,6229,587
"522","SKAGIT","Skagit",2006,"COUNTY TOTAL",113100,7016,62,259,2.3,2,71,60,126,6757,60,68,1150,5010,529
"523","SKAGIT","Skagit",2007,"COUNTY TOTAL",115300,6844,59.4,228,2,2,42,67,117,6616,57,35,1183,4918,480
"524","SKAGIT","Skagit",2008,"COUNTY TOTAL",117500,5637,48,243,2.1,9,50,55,129,5394,46,44,1069,3939,342
"525","SKAGIT","Skagit",2009,"COUNTY TOTAL",118900,5742,48.3,231,1.9,3,51,54,123,5511,46,42,1012,4191,266
"526","SKAGIT","Skagit",2010,"COUNTY TOTAL",119300,6246,52.4,252,2.1,0,50,54,148,5994,50,30,1144,4605,215
"527","SKAGIT","Skagit",2011,"COUNTY TOTAL",117400,5450,46.4,240,2,4,47,64,125,5210,44,24,1180,3750,256
"528","SKAMANIA","Skamania",1994,"COUNTY TOTAL",9300,395,42.5,36,3.9,2,8,1,25,359,39,0,79,269,11
"529","SKAMANIA","Skamania",1995,"COUNTY TOTAL",9550,464,48.6,32,3.4,0,8,0,24,432,45,0,88,321,23
"530","SKAMANIA","Skamania",1996,"COUNTY TOTAL",9800,420,42.9,27,2.8,1,5,0,21,393,40,6,70,298,19
"531","SKAMANIA","Skamania",1997,"COUNTY TOTAL",9900,351,35.5,23,2.3,2,5,0,16,328,33,1,78,230,19
"532","SKAMANIA","Skamania",1998,"COUNTY TOTAL",9900,302,30.5,33,3.3,0,16,1,16,269,27,4,55,191,19
"533","SKAMANIA","Skamania",1999,"COUNTY TOTAL",9900,253,25.6,24,2.4,0,12,0,12,229,23,1,57,162,9
"534","SKAMANIA","Skamania",2000,"COUNTY TOTAL",9900,267,27,9,0.9,0,2,1,6,258,26,1,65,169,23
"535","SKAMANIA","Skamania",2001,"COUNTY TOTAL",9900,290,29.3,14,1.4,0,2,0,12,276,28,1,62,196,17
"536","SKAMANIA","Skamania",2002,"COUNTY TOTAL",9900,346,34.9,12,1.2,1,2,2,7,334,34,0,68,251,15
"537","SKAMANIA","Skamania",2003,"COUNTY TOTAL",9900,355,35.9,15,1.5,0,4,0,11,340,34,1,66,255,18
"538","SKAMANIA","Skamania",2004,"COUNTY TOTAL",9415,390,41.4,13,1.4,3,7,0,3,377,40,0,72,276,29
"539","SKAMANIA","Skamania",2005,"COUNTY TOTAL",10300,333,32.3,19,1.8,1,4,2,12,314,31,1,72,225,16
"540","SKAMANIA","Skamania",2006,"COUNTY TOTAL",10600,353,33.3,10,0.9,0,5,0,5,343,32,1,78,235,29
"541","SKAMANIA","Skamania",2007,"COUNTY TOTAL",10700,295,27.6,28,2.6,0,8,2,18,267,25,1,54,197,15
"542","SKAMANIA","Skamania",2008,"COUNTY TOTAL",10700,224,20.9,11,1,0,3,1,7,213,20,0,57,137,19
"543","SKAMANIA","Skamania",2009,"COUNTY TOTAL",10800,243,22.5,23,2.1,1,10,1,11,220,20,3,50,144,23
"544","SKAMANIA","Skamania",2010,"COUNTY TOTAL",10900,232,21.3,10,0.9,0,2,0,8,222,20,0,45,157,20
"545","SKAMANIA","Skamania",2011,"COUNTY TOTAL",11150,224,20.1,10,0.9,0,2,0,8,214,19,0,52,151,11
"546","SNOHOMISH","Snohomish",1994,"COUNTY TOTAL",500775,15831,31.6,1004,2,12,277,228,487,14827,30,142,3129,10483,1073
"547","SNOHOMISH","Snohomish",1995,"COUNTY TOTAL",434080,15560,35.8,983,2.3,14,268,229,472,14577,34,108,3044,10100,1325
"548","SNOHOMISH","Snohomish",1996,"COUNTY TOTAL",443880,16285,36.7,988,2.2,14,244,210,520,15297,35,100,3235,10440,1522
"549","SNOHOMISH","Snohomish",1997,"COUNTY TOTAL",538700,24015,44.6,1668,3.1,18,380,459,811,22347,42,173,4892,14394,2888
"550","SNOHOMISH","Snohomish",1998,"COUNTY TOTAL",555250,22865,41.2,1677,3,9,407,412,849,21188,38,169,4393,13530,3096
"551","SNOHOMISH","Snohomish",1999,"COUNTY TOTAL",569990,21040,36.9,1509,2.6,11,439,344,715,19531,34,159,3716,12364,3292
"552","SNOHOMISH","Snohomish",2000,"COUNTY TOTAL",578915,20838,36,1436,2.5,10,422,322,682,19402,34,158,3850,12244,3150
"553","SNOHOMISH","Snohomish",2001,"COUNTY TOTAL",603495,24359,40.4,1582,2.6,12,344,428,798,22777,38,154,3932,14448,4243
"554","SNOHOMISH","Snohomish",2002,"COUNTY TOTAL",612520,24103,39.4,1491,2.4,11,291,400,789,22612,37,170,3733,13989,4720
"555","SNOHOMISH","Snohomish",2003,"COUNTY TOTAL",622840,24106,38.7,1518,2.4,12,288,372,846,22588,36,187,4114,13884,4403
"556","SNOHOMISH","Snohomish",2004,"COUNTY TOTAL",630120,25891,41.1,1592,2.5,18,272,417,885,24299,39,204,4989,14281,4825
"557","SNOHOMISH","Snohomish",2005,"COUNTY TOTAL",641050,29137,45.5,1500,2.3,14,249,407,830,27637,43,156,5193,15842,6446
"558","SNOHOMISH","Snohomish",2006,"COUNTY TOTAL",656710,28369,43.2,1496,2.3,14,225,487,770,26873,41,158,4678,15889,6148
"559","SNOHOMISH","Snohomish",2007,"COUNTY TOTAL",670850,27203,40.6,1578,2.4,17,278,498,785,25625,38,154,5001,15497,4973
"560","SNOHOMISH","Snohomish",2008,"COUNTY TOTAL",676320,22635,33.5,1582,2.3,7,230,488,857,21053,31,136,4289,13754,2874
"561","SNOHOMISH","Snohomish",2009,"COUNTY TOTAL",688350,23832,34.6,1722,2.5,17,198,588,919,22110,32,144,4834,14894,2238
"562","SNOHOMISH","Snohomish",2010,"COUNTY TOTAL",694960,24123,34.7,1590,2.3,11,237,447,895,22533,32,121,4298,15352,2762
"563","SNOHOMISH","Snohomish",2011,"COUNTY TOTAL",700430,21159,30.2,1197,1.7,10,153,327,707,19962,29,109,4023,13752,2078
"564","SNOHOMISH","Snohomish",2012,"COUNTY TOTAL",633588,16638,26.3,1016,1.6,7,103,341,565,15622,25,84,3392,10329,1817
"565","SNOHOMISH","Snohomish",2013,"COUNTY TOTAL",611421,21503,35.2,1198,2,6,128,387,677,20305,33,76,4437,13014,2778
"566","SNOHOMISH","Snohomish",2014,"COUNTY TOTAL",620921,23619,38,1158,1.9,10,151,338,659,22461,36,76,4734,14555,3096
"567","SNOHOMISH","Snohomish",2015,"COUNTY TOTAL",638170,18029,28.3,1039,1.6,10,127,301,601,16990,27,99,3265,11593,2033
"568","SPOKANE","Spokane",1994,"COUNTY TOTAL",391678,26472,67.6,2129,5.4,12,157,598,1362,24343,62,169,4923,17801,1450
"569","SPOKANE","Spokane",1995,"COUNTY TOTAL",401091,26793,66.8,2054,5.1,26,200,569,1259,24739,62,118,4947,18161,1513
"570","SPOKANE","Spokane",1996,"COUNTY TOTAL",406390,26088,64.2,1800,4.4,20,145,449,1186,24288,60,62,5198,17639,1389
"571","SPOKANE","Spokane",1997,"COUNTY TOTAL",409777,26548,64.8,2020,4.9,22,182,529,1287,24528,60,110,5928,16708,1782
"572","SPOKANE","Spokane",1998,"COUNTY TOTAL",406955,28586,70.2,2253,5.5,17,152,631,1453,26333,65,124,6156,17987,2066
"573","SPOKANE","Spokane",1999,"COUNTY TOTAL",410500,24744,60.3,1899,4.6,15,127,509,1248,22845,56,111,5532,15749,1453
"574","SPOKANE","Spokane",2000,"COUNTY TOTAL",410981,25205,61.3,1747,4.3,12,119,475,1141,23458,57,146,4676,16719,1917
"575","SPOKANE","Spokane",2001,"COUNTY TOTAL",418385,26531,63.4,1919,4.6,10,134,571,1204,24612,59,107,4926,17057,2522
"576","SPOKANE","Spokane",2002,"COUNTY TOTAL",412538,24453,59.3,1764,4.3,20,146,481,1117,22689,55,131,4336,15775,2447
"577","SPOKANE","Spokane",2003,"COUNTY TOTAL",423872,25560,60.3,1642,3.9,16,141,459,1026,23918,56,144,4677,16850,2247
"578","SPOKANE","Spokane",2004,"COUNTY TOTAL",431869,28785,66.7,1662,3.8,16,147,380,1119,27123,63,100,5323,19020,2680
"579","SPOKANE","Spokane",2005,"COUNTY TOTAL",436300,21230,48.7,1777,4.1,16,134,362,1265,19453,45,144,3952,12660,2697
"580","SPOKANE","Spokane",2006,"COUNTY TOTAL",443800,20343,45.8,1800,4.1,17,130,468,1185,18543,42,116,3547,11590,3290
"581","SPOKANE","Spokane",2007,"COUNTY TOTAL",451200,19275,42.7,1981,4.4,14,119,496,1352,17294,38,127,3343,11082,2742
"582","SPOKANE","Spokane",2008,"COUNTY TOTAL",459000,19610,42.7,1917,4.2,19,136,559,1203,17693,39,101,3654,11707,2231
"583","SPOKANE","Spokane",2009,"COUNTY TOTAL",465000,21926,47.2,1771,3.8,10,116,538,1107,20155,43,101,4064,13730,2260
"584","SPOKANE","Spokane",2010,"COUNTY TOTAL",470300,25494,54.2,1635,3.5,12,147,526,950,23859,51,59,5022,15960,2818
"585","SPOKANE","Spokane",2011,"COUNTY TOTAL",472650,26341,55.7,1644,3.5,7,128,582,927,24697,52,106,5254,16771,2566
"586","SPOKANE","Spokane",2012,"COUNTY TOTAL",449100,29115,64.8,1708,3.8,17,131,639,921,27407,61,100,5962,18489,2856
"587","SPOKANE","Spokane",2013,"COUNTY TOTAL",452805,30475,67.3,1763,3.9,16,154,640,953,28712,63,80,5813,19665,3154
"588","SPOKANE","Spokane",2014,"COUNTY TOTAL",456545,28739,62.9,1625,3.6,14,190,537,884,27114,59,95,5336,18640,3043
"589","SPOKANE","Spokane",2015,"COUNTY TOTAL",459510,25536,55.6,1555,3.4,17,208,446,884,23981,52,88,4459,17016,2418
"590","STEVENS","Stevens",1994,"COUNTY TOTAL",34242,1134,33.1,60,1.8,2,10,4,44,1074,31,8,286,729,51
"591","STEVENS","Stevens",1995,"COUNTY TOTAL",35140,1332,37.9,50,1.4,3,13,5,29,1282,37,4,310,908,60
"592","STEVENS","Stevens",1996,"COUNTY TOTAL",36340,579,15.9,15,0.4,0,0,3,12,564,16,3,71,457,33
"593","STEVENS","Stevens",1997,"COUNTY TOTAL",37135,1363,36.7,46,1.2,2,8,7,29,1317,36,3,329,939,46
"594","STEVENS","Stevens",1998,"COUNTY TOTAL",37335,1311,35.1,87,2.3,1,9,9,68,1224,33,1,296,869,58
"595","STEVENS","Stevens",1999,"COUNTY TOTAL",37740,1066,28.2,27,0.7,1,4,2,20,1039,28,1,289,722,27
"596","STEVENS","Stevens",2000,"COUNTY TOTAL",37922,1061,28,32,0.8,7,5,1,19,1029,27,3,234,761,31
"597","STEVENS","Stevens",2001,"COUNTY TOTAL",40015,946,23.6,21,0.5,1,8,1,11,925,23,1,237,639,48
"598","STEVENS","Stevens",2002,"COUNTY TOTAL",40115,979,24.4,22,0.5,2,3,4,13,957,24,1,224,671,61
"599","STEVENS","Stevens",2003,"COUNTY TOTAL",40600,1235,30.4,86,2.1,6,14,4,62,1149,28,2,346,731,70
"600","STEVENS","Stevens",2004,"COUNTY TOTAL",40425,1207,29.9,40,1,1,24,3,12,1167,29,5,317,768,77
"601","STEVENS","Stevens",2005,"COUNTY TOTAL",40925,1338,32.7,56,1.4,1,17,9,29,1282,31,2,404,789,87
"602","STEVENS","Stevens",2006,"COUNTY TOTAL",41830,1142,27.3,57,1.4,1,15,8,33,1085,26,1,395,577,112
"603","STEVENS","Stevens",2007,"COUNTY TOTAL",42725,1108,25.9,44,1,1,12,4,27,1064,25,2,305,675,82
"604","STEVENS","Stevens",2008,"COUNTY TOTAL",43425,1071,24.7,46,1.1,1,18,7,20,1025,24,3,304,651,67
"605","STEVENS","Stevens",2009,"COUNTY TOTAL",43720,1031,23.6,60,1.4,1,20,6,33,971,22,2,287,604,78
"606","STEVENS","Stevens",2010,"COUNTY TOTAL",44010,1199,27.2,55,1.2,0,20,8,27,1144,26,1,405,633,105
"607","STEVENS","Stevens",2011,"COUNTY TOTAL",43320,899,20.8,37,0.9,2,7,5,23,862,20,0,262,534,66
"608","THURSTON","Thurston",1994,"COUNTY TOTAL",184005,8744,47.5,470,2.6,2,117,67,284,8274,45,63,1606,6120,485
"609","THURSTON","Thurston",1995,"COUNTY TOTAL",189200,8651,45.7,562,3,4,104,93,361,8089,43,33,1862,5638,556
"610","THURSTON","Thurston",1996,"COUNTY TOTAL",193100,8709,45.1,494,2.6,8,103,102,281,8215,43,60,1942,5679,534
"611","THURSTON","Thurston",1997,"COUNTY TOTAL",197600,7974,40.4,450,2.3,1,99,85,265,7524,38,60,1742,5092,630
"612","THURSTON","Thurston",1998,"COUNTY TOTAL",199700,8547,42.8,491,2.5,5,88,124,274,8056,40,47,1880,5473,656
"613","THURSTON","Thurston",1999,"COUNTY TOTAL",202700,7763,38.3,564,2.8,4,110,93,357,7199,36,48,1701,4958,492
"614","THURSTON","Thurston",2000,"COUNTY TOTAL",204300,8575,42,557,2.7,2,117,106,332,8018,39,68,1922,5481,547
"615","THURSTON","Thurston",2001,"COUNTY TOTAL",210200,9027,42.9,575,2.7,6,94,100,375,8452,40,65,1823,5897,667
"616","THURSTON","Thurston",2002,"COUNTY TOTAL",212300,8956,42.2,626,2.9,2,127,111,386,8330,39,55,1770,5884,621
"617","THURSTON","Thurston",2003,"COUNTY TOTAL",214800,8073,37.6,578,2.7,4,108,91,375,7495,35,52,1658,5191,594
"618","THURSTON","Thurston",2004,"COUNTY TOTAL",218500,8909,40.8,592,2.7,8,87,89,408,8317,38,51,1790,5838,638
"619","THURSTON","Thurston",2005,"COUNTY TOTAL",224100,9232,41.2,596,2.7,2,65,101,428,8636,39,46,1793,5983,814
"620","THURSTON","Thurston",2006,"COUNTY TOTAL",231100,8428,36.5,596,2.6,4,75,112,405,7832,34,36,1686,5426,684
"621","THURSTON","Thurston",2007,"COUNTY TOTAL",238000,7904,33.2,503,2.1,7,68,88,340,7401,31,42,1530,5082,747
"622","THURSTON","Thurston",2008,"COUNTY TOTAL",245300,8978,36.6,630,2.6,4,86,112,428,8348,34,36,1722,6119,471
"623","THURSTON","Thurston",2009,"COUNTY TOTAL",249800,8100,32.4,616,2.5,5,99,110,402,7484,30,47,1634,5276,527
"624","THURSTON","Thurston",2010,"COUNTY TOTAL",252400,8801,34.9,631,2.5,4,86,86,455,8170,32,41,2052,5649,428
"625","THURSTON","Thurston",2011,"COUNTY TOTAL",254100,7570,29.8,555,2.2,4,66,83,402,7015,28,31,1858,4763,363
"626","THURSTON","Thurston",2012,"COUNTY TOTAL",116102,4677,40.3,274,2.4,9,59,60,146,4403,38,5,883,3293,222
"627","WAHKIAKUM","Wahkiakum",1994,"COUNTY TOTAL",3085,44,14.3,8,2.6,0,4,0,4,36,12,2,12,19,3
"628","WAHKIAKUM","Wahkiakum",1995,"COUNTY TOTAL",3180,131,41.2,23,7.2,0,12,0,11,108,34,0,19,87,2
"629","WAHKIAKUM","Wahkiakum",1996,"COUNTY TOTAL",3800,122,32.1,14,3.7,1,7,1,5,108,28,0,30,76,2
"630","WAHKIAKUM","Wahkiakum",1997,"COUNTY TOTAL",3900,89,22.8,7,1.8,1,2,0,4,82,21,0,24,58,0
"631","WAHKIAKUM","Wahkiakum",1998,"COUNTY TOTAL",3900,90,23.1,2,0.5,0,2,0,0,88,23,0,22,58,8
"632","WAHKIAKUM","Wahkiakum",1999,"COUNTY TOTAL",3900,75,19.2,3,0.8,0,1,0,2,72,19,0,30,39,3
"633","WAHKIAKUM","Wahkiakum",2000,"COUNTY TOTAL",3900,70,17.9,1,0.3,0,0,0,1,69,18,0,21,48,0
"634","WAHKIAKUM","Wahkiakum",2001,"COUNTY TOTAL",3800,51,13.4,3,0.8,0,2,0,1,48,13,1,7,40,0
"635","WAHKIAKUM","Wahkiakum",2002,"COUNTY TOTAL",3800,45,11.8,4,1.1,1,0,0,3,41,11,1,1,36,3
"636","WAHKIAKUM","Wahkiakum",2003,"COUNTY TOTAL",3800,82,21.6,3,0.8,0,0,0,3,79,21,0,32,41,6
"637","WAHKIAKUM","Wahkiakum",2004,"COUNTY TOTAL",3800,81,21.3,8,2.1,0,3,0,5,73,19,0,25,44,4
"638","WAHKIAKUM","Wahkiakum",2005,"COUNTY TOTAL",3900,51,13.1,8,2.1,0,1,0,7,43,11,0,16,20,7
"639","WAHKIAKUM","Wahkiakum",2006,"COUNTY TOTAL",3900,46,11.8,8,2.1,0,1,0,7,38,10,0,16,17,5
"640","WAHKIAKUM","Wahkiakum",2007,"COUNTY TOTAL",4000,56,14,9,2.3,0,2,0,7,47,12,0,19,21,7
"641","WAHKIAKUM","Wahkiakum",2008,"COUNTY TOTAL",4100,56,13.7,6,1.5,0,0,1,5,50,12,0,19,28,3
"642","WAHKIAKUM","Wahkiakum",2009,"COUNTY TOTAL",4100,25,6.1,8,2,0,1,0,7,17,4,2,7,7,1
"643","WAHKIAKUM","Wahkiakum",2010,"COUNTY TOTAL",4150,33,8,2,0.5,0,1,0,1,31,8,0,10,18,3
"644","WAHKIAKUM","Wahkiakum",2011,"COUNTY TOTAL",4000,19,4.8,6,1.5,0,0,0,6,13,3,1,3,9,0
"645","WALLA WALLA","Walla Walla",1994,"COUNTY TOTAL",52600,3726,70.8,427,8.1,4,49,26,348,3299,63,29,566,2590,114
"646","WALLA WALLA","Walla Walla",1995,"COUNTY TOTAL",52700,3861,73.3,351,6.7,0,38,35,278,3510,67,30,634,2701,145
"647","WALLA WALLA","Walla Walla",1996,"COUNTY TOTAL",53400,3494,65.4,343,6.4,2,43,26,272,3151,59,32,617,2372,130
"648","WALLA WALLA","Walla Walla",1997,"COUNTY TOTAL",54000,3807,70.5,344,6.4,3,47,41,253,3463,64,12,629,2652,170
"649","WALLA WALLA","Walla Walla",1998,"COUNTY TOTAL",54600,3224,59,339,6.2,0,49,27,263,2885,53,22,589,2147,127
"650","WALLA WALLA","Walla Walla",1999,"COUNTY TOTAL",54600,2667,48.8,178,3.3,0,25,28,125,2489,46,7,510,1846,126
"651","WALLA WALLA","Walla Walla",2000,"COUNTY TOTAL",54200,2460,45.4,219,4,0,51,26,142,2241,41,6,422,1691,122
"652","WALLA WALLA","Walla Walla",2001,"COUNTY TOTAL",55200,2570,46.6,192,3.5,2,50,22,118,2378,43,2,448,1811,117
"653","WALLA WALLA","Walla Walla",2002,"COUNTY TOTAL",55400,2326,42,175,3.2,0,57,22,96,2151,39,4,396,1662,89
"654","WALLA WALLA","Walla Walla",2003,"COUNTY TOTAL",55800,2522,45.2,157,2.8,0,39,23,95,2365,42,30,450,1772,113
"655","WALLA WALLA","Walla Walla",2004,"COUNTY TOTAL",56700,2197,38.7,166,2.9,0,44,21,101,2031,36,21,351,1520,139
"656","WALLA WALLA","Walla Walla",2005,"COUNTY TOTAL",57500,2112,36.7,174,3,0,57,14,103,1938,34,12,337,1484,105
"657","WALLA WALLA","Walla Walla",2006,"COUNTY TOTAL",57900,2114,36.5,164,2.8,1,45,14,104,1950,34,7,323,1534,86
"658","WALLA WALLA","Walla Walla",2007,"COUNTY TOTAL",58300,2342,40.2,137,2.3,0,39,13,85,2205,38,21,413,1671,100
"659","WALLA WALLA","Walla Walla",2008,"COUNTY TOTAL",58600,2096,35.8,148,2.5,1,36,13,98,1948,33,11,375,1465,97
"660","WALLA WALLA","Walla Walla",2009,"COUNTY TOTAL",59200,2229,37.7,136,2.3,0,45,17,74,2093,35,11,508,1500,74
"661","WALLA WALLA","Walla Walla",2010,"COUNTY TOTAL",59600,1981,33.2,152,2.6,1,31,26,94,1829,31,6,375,1369,79
"662","WALLA WALLA","Walla Walla",2011,"COUNTY TOTAL",58800,2119,36,168,2.9,3,33,23,109,1951,33,15,362,1509,65
"663","WHATCOM","Whatcom",1994,"COUNTY TOTAL",141592,7982,56.4,418,3,6,99,60,253,7564,53,51,1498,5712,303
"664","WHATCOM","Whatcom",1995,"COUNTY TOTAL",147360,8509,57.7,493,3.3,5,114,74,300,8016,54,60,1454,6166,336
"665","WHATCOM","Whatcom",1996,"COUNTY TOTAL",151832,8717,57.4,464,3.1,4,72,92,296,8253,54,58,1682,6196,317
"666","WHATCOM","Whatcom",1997,"COUNTY TOTAL",156200,8658,55.4,460,2.9,5,101,85,269,8198,53,41,1685,6148,324
"667","WHATCOM","Whatcom",1998,"COUNTY TOTAL",157500,8768,55.7,465,3,4,98,91,272,8303,53,62,1771,6015,455
"668","WHATCOM","Whatcom",1999,"COUNTY TOTAL",161300,8100,50.2,453,2.8,1,119,99,234,7647,47,48,1584,5643,372
"669","WHATCOM","Whatcom",2000,"COUNTY TOTAL",163500,7715,47.2,372,2.3,5,81,73,213,7343,45,28,1525,5395,395
"670","WHATCOM","Whatcom",2001,"COUNTY TOTAL",170600,8758,51.3,385,2.3,1,87,77,220,8373,49,32,1461,6420,460
"671","WHATCOM","Whatcom",2002,"COUNTY TOTAL",172200,8959,52,411,2.4,4,98,89,220,8548,50,47,1672,6293,536
"672","WHATCOM","Whatcom",2003,"COUNTY TOTAL",174500,9180,52.6,425,2.4,3,108,83,225,8755,50,60,1951,6238,506
"673","WHATCOM","Whatcom",2004,"COUNTY TOTAL",177300,9898,55.8,437,2.5,4,90,96,247,9461,53,51,1785,6985,640
"674","WHATCOM","Whatcom",2005,"COUNTY TOTAL",180800,9999,55.3,419,2.3,5,72,82,260,9580,53,56,1754,7174,596
"675","WHATCOM","Whatcom",2006,"COUNTY TOTAL",184300,9313,50.5,432,2.3,1,76,98,257,8881,48,41,1818,6504,518
"676","WHATCOM","Whatcom",2007,"COUNTY TOTAL",188300,8660,46,439,2.3,2,87,81,269,8221,44,55,1498,6232,436
"677","WHATCOM","Whatcom",2008,"COUNTY TOTAL",191000,7682,40.2,445,2.3,2,71,87,285,7237,38,44,1458,5361,374
"678","WHATCOM","Whatcom",2009,"COUNTY TOTAL",193100,7475,38.7,444,2.3,8,76,90,270,7031,36,34,1401,5330,266
"679","WHATCOM","Whatcom",2010,"COUNTY TOTAL",195500,7219,36.9,543,2.8,5,90,104,344,6676,34,11,1426,4973,266
"680","WHATCOM","Whatcom",2011,"COUNTY TOTAL",202100,6847,33.9,449,2.2,3,97,74,275,6398,32,25,1436,4708,229
"681","WHATCOM","Whatcom",2012,"COUNTY TOTAL",87921,1465,16.7,328,3.7,1,38,7,282,1137,13,11,411,648,67
"682","WHATCOM","Whatcom",2013,"COUNTY TOTAL",88276,1497,17,157,1.8,0,30,12,115,1340,15,10,417,828,85
"683","WHITMAN","Whitman",1994,"COUNTY TOTAL",35871,868,24.2,59,1.6,0,16,2,41,809,23,9,121,648,31
"684","WHITMAN","Whitman",1995,"COUNTY TOTAL",36488,1027,28.1,53,1.5,0,10,2,41,974,27,13,198,742,21
"685","WHITMAN","Whitman",1996,"COUNTY TOTAL",35671,548,15.4,21,0.6,0,2,1,18,527,15,1,85,433,8
"686","WHITMAN","Whitman",1997,"COUNTY TOTAL",38228,1170,30.6,61,1.6,0,23,4,34,1109,29,5,224,857,23
"687","WHITMAN","Whitman",1998,"COUNTY TOTAL",38016,1073,28.2,61,1.6,0,20,1,40,1012,27,13,213,747,39
"688","WHITMAN","Whitman",1999,"COUNTY TOTAL",39234,984,25.1,49,1.2,0,19,4,26,935,24,10,160,724,41
"689","WHITMAN","Whitman",2000,"COUNTY TOTAL",38638,996,25.8,64,1.7,0,21,5,38,932,24,10,223,665,34
"690","WHITMAN","Whitman",2001,"COUNTY TOTAL",37565,1070,28.5,67,1.8,0,32,7,28,1003,27,19,212,741,31
"691","WHITMAN","Whitman",2002,"COUNTY TOTAL",38620,1260,32.6,71,1.8,0,15,8,48,1189,31,7,256,881,45
"692","WHITMAN","Whitman",2003,"COUNTY TOTAL",39630,1162,29.3,57,1.4,0,25,4,28,1105,28,11,257,798,39
"693","WHITMAN","Whitman",2004,"COUNTY TOTAL",41700,1050,25.2,49,1.2,0,16,6,27,1001,24,24,212,706,59
"694","WHITMAN","Whitman",2005,"COUNTY TOTAL",41405,835,20.2,59,1.4,3,20,4,32,776,19,8,167,568,33
"695","WHITMAN","Whitman",2006,"COUNTY TOTAL",40810,879,21.5,62,1.5,0,19,3,40,817,20,11,156,621,29
"696","WHITMAN","Whitman",2007,"COUNTY TOTAL",41335,834,20.2,50,1.2,0,22,6,22,784,19,9,176,568,31
"697","WHITMAN","Whitman",2008,"COUNTY TOTAL",42020,694,16.5,33,0.8,0,10,2,21,661,16,10,176,455,20
"698","WHITMAN","Whitman",2009,"COUNTY TOTAL",42965,726,16.9,53,1.2,0,14,3,36,673,16,7,133,508,25
"699","WHITMAN","Whitman",2010,"COUNTY TOTAL",43260,968,22.4,61,1.4,1,17,12,31,907,21,3,264,605,35
"700","WHITMAN","Whitman",2011,"COUNTY TOTAL",44500,797,17.9,49,1.1,0,10,3,36,748,17,9,154,562,23
"701","YAKIMA","Yakima",1994,"COUNTY TOTAL",196584,15785,80.3,1233,6.3,16,137,239,841,14552,74,106,3481,10002,963
"702","YAKIMA","Yakima",1995,"COUNTY TOTAL",201500,16912,83.9,1208,6,13,129,216,850,15704,78,133,4013,10403,1155
"703","YAKIMA","Yakima",1996,"COUNTY TOTAL",207600,15162,73,1038,5,16,155,175,692,14124,68,103,3536,9187,1298
"704","YAKIMA","Yakima",1997,"COUNTY TOTAL",208700,15431,73.9,806,3.9,15,127,168,496,14625,70,117,3853,9343,1312
"705","YAKIMA","Yakima",1998,"COUNTY TOTAL",210500,15592,74.1,785,3.7,11,150,217,407,14807,70,125,3896,9224,1562
"706","YAKIMA","Yakima",1999,"COUNTY TOTAL",212300,13486,63.5,616,2.9,11,121,141,343,12870,61,123,3226,8229,1292
"707","YAKIMA","Yakima",2000,"COUNTY TOTAL",214000,13607,63.6,649,3,14,96,171,368,12958,61,110,3052,8586,1210
"708","YAKIMA","Yakima",2001,"COUNTY TOTAL",224500,13288,59.2,602,2.7,10,109,163,320,12686,57,116,3194,8250,1126
"709","YAKIMA","Yakima",2002,"COUNTY TOTAL",225000,14462,64.3,621,2.8,10,121,175,315,13841,62,143,3487,8847,1364
"710","YAKIMA","Yakima",2003,"COUNTY TOTAL",223955,14613,65.2,713,3.2,10,137,194,372,13900,62,170,3418,8947,1365
"711","YAKIMA","Yakima",2004,"COUNTY TOTAL",225435,14641,64.9,679,3,10,122,181,366,13962,62,152,3109,9218,1483
"712","YAKIMA","Yakima",2005,"COUNTY TOTAL",227235,17096,75.2,759,3.3,22,129,218,390,16337,72,158,3824,10179,2176
"713","YAKIMA","Yakima",2006,"COUNTY TOTAL",231800,15847,68.4,756,3.3,10,126,233,387,15091,65,117,3518,9280,2176
"714","YAKIMA","Yakima",2007,"COUNTY TOTAL",234200,13615,58.1,898,3.8,15,136,212,535,12717,54,154,3063,7629,1871
"715","YAKIMA","Yakima",2008,"COUNTY TOTAL",235900,13119,55.6,780,3.3,19,100,244,417,12339,52,124,3057,7344,1814
"716","YAKIMA","Yakima",2009,"COUNTY TOTAL",238400,11780,49.4,829,3.5,22,120,230,457,10951,46,93,3193,6160,1505
"717","YAKIMA","Yakima",2010,"COUNTY TOTAL",239100,12044,50.4,830,3.5,24,108,233,465,11214,47,82,3354,6560,1218
"718","YAKIMA","Yakima",2011,"COUNTY TOTAL",244700,11304,46.2,808,3.3,16,107,236,449,10496,43,80,3351,5801,1264
